week,item,oracle,equal,weekshape8,stop_rule,first_day
2026-W34,きゅうり,445,388.6,445,445,445
2026-W35,きゅうり,329,320.6,329,326,329
2026-W36,きゅうり,431,381.2,431,431,329
2026-W37,きゅうり,471,458.8,471,450,450
2026-W38,きゅうり,520,504.8,520,490,490
2026-W39,きゅうり,492,487.2,486,483,483
2026-W34,キャベツ,138,123.0,138,138,138
2026-W35,キャベツ,100,98.4,100,100,100
2026-W36,キャベツ,104,100.6,103,103,98
2026-W37,キャベツ,104,102.2,101,101,100
2026-W38,キャベツ,117,110.8,116,112,103
2026-W39,キャベツ,125,120.5,117,117,117
2026-W34,トマト,470,455.6,463,441,441
2026-W35,トマト,499,483.2,499,473,452
2026-W36,トマト,550,514.2,550,480,480
2026-W37,トマト,594,560.6,594,540,540
2026-W38,トマト,608,588.0,590,552,552
2026-W39,トマト,608,570.8,545,553,553
2026-W34,レタス,147,142.4,147,140,146
2026-W35,レタス,159,151.0,154,159,143
2026-W36,レタス,195,175.4,195,167,153
2026-W37,レタス,252,226.8,252,201,201
2026-W38,レタス,431,356.2,320,271,271
2026-W39,レタス,487,470.5,472,456,456
