date,oracle,ws,resid,charge,discharge,inter,daytype,signal
2025-04-08,103.975,79.4075,24.567499999999995,21.57499999999999,2.992500000000007,0.0,平日,判定不能
2025-04-09,124.90525,124.90525,0.0,0.0,0.0,0.0,平日,判定不能
2025-04-10,20.61550000000001,17.649250000000002,2.9662500000000094,0.9000000000000057,2.0662500000000037,0.0,平日,判定不能
2025-04-11,101.25475,95.18775,6.067000000000007,4.775000000000006,1.2920000000000158,-1.4210854715202004e-14,平日,判定不能
2025-04-12,118.4125,116.2275,2.184999999999988,0.0,2.184999999999988,0.0,週末,判定不能
2025-04-13,41.4655,30.196749999999998,11.26875,9.725000000000005,1.5437499999999922,3.552713678800501e-15,週末,判定不能
2025-04-14,85.8125,84.064,1.748500000000007,0.6750000000000114,1.07350000000001,-1.4210854715202004e-14,平日,判定不能
2025-04-15,76.14975,76.14975,0.0,0.0,0.0,0.0,平日,判定不能
2025-04-16,122.2125,120.56425,1.6482500000000044,0.0,1.6482500000000044,0.0,平日,判定不能
2025-04-17,110.119,110.119,0.0,0.0,0.0,0.0,平日,判定不能
2025-04-18,59.37625,59.37625,0.0,0.0,0.0,0.0,平日,判定不能
2025-04-19,103.0605,100.79,2.2704999999999984,0.0,2.2704999999999984,0.0,週末,判定不能
2025-04-20,37.342,34.157250000000005,3.184749999999994,1.8499999999999943,1.3347499999999997,0.0,週末,判定不能
2025-04-21,128.86725,124.882,3.9852500000000077,0.0,3.9852500000000077,0.0,平日,判定不能
2025-04-22,71.67625,67.6325,4.043750000000003,3.450000000000003,0.59375,0.0,平日,判定不能
2025-04-23,58.250750000000004,-0.5832499999999996,58.834,32.97500000000001,-131.06675,156.92575,平日,判定不能
2025-04-24,101.25299999999999,88.83924999999999,12.413749999999993,8.875,3.538749999999993,0.0,平日,判定不能
2025-04-25,62.25175,59.22599999999999,3.0257500000000093,0.0,3.0257500000000093,0.0,平日,判定不能
2025-04-26,105.293,105.23599999999999,0.05700000000001637,0.0,0.05700000000001637,0.0,週末,判定不能
2025-04-27,120.78275,119.10475,1.6779999999999973,0.025000000000005684,1.6529999999999916,0.0,週末,判定不能
2025-04-28,41.73350000000001,33.77975000000001,7.953749999999999,0.42499999999999716,7.528750000000002,0.0,平日,判定不能
2025-04-29,129.75075,126.26425,3.4865000000000066,0.0,3.4865000000000066,0.0,平日,判定不能
2025-04-30,126.5445,126.5445,0.0,0.0,0.0,0.0,平日,判定不能
2025-05-01,121.88874999999999,101.58825,20.300499999999985,7.200000000000003,13.100499999999997,-1.4210854715202004e-14,平日,判定不能
2025-05-02,59.86725,59.86725,0.0,0.0,0.0,0.0,平日,判定不能
2025-05-03,126.91975000000001,124.75375000000001,2.165999999999997,0.0,2.165999999999997,0.0,週末,判定不能
2025-05-04,120.93950000000001,120.06550000000001,0.8739999999999952,0.0,0.8739999999999952,0.0,週末,判定不能
2025-05-05,106.99825,103.279,3.7192500000000024,0.0,3.7192500000000024,0.0,平日,判定不能
2025-05-06,54.4785,45.494,8.984499999999997,6.599999999999994,2.3845000000000027,0.0,平日,判定不能
2025-05-07,122.09275,120.00649999999999,2.086250000000007,0.4000000000000057,1.6862500000000011,0.0,平日,判定不能
2025-05-08,125.91749999999999,119.43375,6.483749999999986,0.0,6.483749999999986,0.0,平日,判定不能
2025-05-09,42.39500000000001,30.303750000000008,12.091250000000002,5.275000000000006,6.816249999999997,0.0,平日,判定不能
2025-05-10,63.80975000000001,23.15974999999999,40.65000000000002,40.65000000000002,0.0,0.0,週末,判定不能
2025-05-11,66.83525,43.67425,23.161,18.049999999999997,5.111000000000004,0.0,週末,判定不能
2025-05-12,62.44624999999999,59.96675,2.4794999999999945,0.0,2.4794999999999945,0.0,平日,判定不能
2025-05-13,115.10175,115.10175,0.0,0.0,0.0,0.0,平日,判定不能
2025-05-14,106.16175000000001,99.795,6.36675000000001,4.025000000000006,2.3417500000000047,0.0,平日,判定不能
2025-05-15,71.32700000000001,65.581,5.746000000000009,2.250000000000014,3.495999999999995,0.0,平日,判定不能
2025-05-16,60.83050000000001,58.99925,1.8312500000000043,0.5250000000000057,1.3062499999999986,0.0,平日,判定不能
2025-05-17,18.555250000000004,10.855249999999998,7.700000000000006,7.700000000000006,0.0,0.0,週末,判定不能
2025-05-18,93.1225,82.09925,11.023250000000004,9.850000000000009,1.173249999999996,0.0,週末,判定不能
2025-05-19,82.90125,75.633,7.268250000000009,1.25,6.018250000000009,0.0,平日,判定不能
2025-05-20,116.60174999999998,99.24374999999999,17.35799999999999,15.799999999999997,1.558000000000007,-1.4210854715202004e-14,平日,判定不能
2025-05-21,82.73624999999998,68.94099999999999,13.795249999999996,8.099999999999994,5.6952500000000015,0.0,平日,判定不能
2025-05-22,58.43649999999998,50.09824999999999,8.338249999999988,3.6499999999999915,4.6882499999999965,0.0,平日,判定不能
2025-05-23,88.27799999999999,86.5135,1.7644999999999982,0.42500000000001137,1.339500000000001,-1.4210854715202004e-14,平日,判定不能
2025-05-24,29.60099999999999,-4.401750000000003,34.00274999999999,33.675,0.3277499999999911,3.552713678800501e-15,週末,判定不能
2025-05-25,88.583,27.33975000000001,61.24324999999999,60.92499999999998,0.31824999999999903,7.105427357601002e-15,週末,判定不能
2025-05-26,84.65375,83.26375,1.3900000000000006,0.25,1.1400000000000006,0.0,平日,判定不能
2025-05-27,77.5745,74.12450000000001,3.4499999999999886,3.4499999999999886,0.0,0.0,平日,判定不能
2025-05-28,101.51275,96.375,5.137749999999997,5.0,0.13774999999999693,0.0,平日,平常
2025-05-29,53.488749999999996,38.33099999999999,15.157750000000007,5.900000000000006,9.257750000000001,0.0,平日,平常
2025-05-30,37.990249999999996,0.2962500000000041,37.69399999999999,36.724999999999994,0.9689999999999976,-3.552713678800501e-15,平日,強
2025-05-31,82.05499999999999,78.8345,3.220499999999987,0.0,3.220499999999987,0.0,週末,平常
2025-06-01,104.21,104.21,0.0,0.0,0.0,0.0,週末,平常
2025-06-02,59.10150000000001,47.39025,11.711250000000007,10.025000000000006,1.686249999999994,7.105427357601002e-15,平日,平常
2025-06-03,54.57050000000001,4.186499999999974,50.384000000000036,41.15000000000002,9.234000000000016,0.0,平日,強
2025-06-04,110.92025,108.44525,2.4749999999999943,2.4749999999999943,0.0,0.0,平日,平常
2025-06-05,107.46849999999999,105.82499999999999,1.643500000000003,0.0,1.643500000000003,0.0,平日,強
2025-06-06,96.85849999999999,91.85849999999999,5.0,5.0,0.0,0.0,平日,平常
2025-06-07,85.89675,79.57175,6.325000000000003,6.325000000000003,0.0,0.0,週末,平常
2025-06-08,54.436,43.675,10.761000000000003,8.025000000000006,2.735999999999997,0.0,週末,平常
2025-06-09,37.9665,19.517749999999985,18.448750000000018,16.05000000000001,2.398750000000007,0.0,平日,平常
2025-06-10,60.61325000000001,21.059250000000013,39.553999999999995,38.775,0.7789999999999893,7.105427357601002e-15,平日,強
2025-06-11,41.995750000000015,-1.2034999999999911,43.199250000000006,35.30000000000001,-60.39150000000001,68.29075,平日,強
2025-06-12,49.41075,42.85125,6.5595,0.375,6.1845,0.0,平日,平常
2025-06-13,42.25450000000001,35.554500000000004,6.700000000000003,6.700000000000003,0.0,0.0,平日,平常
2025-06-14,34.51674999999999,14.09174999999998,20.425000000000008,20.425000000000008,0.0,0.0,週末,強
2025-06-15,69.9505,62.39574999999999,7.554750000000013,7.075000000000003,0.4797500000000028,7.105427357601002e-15,週末,平常
2025-06-16,119.95750000000001,117.1825,2.7750000000000057,2.7750000000000057,0.0,0.0,平日,平常
2025-06-17,139.09625,130.47575,8.620499999999993,7.775000000000006,0.845499999999987,0.0,平日,平常
2025-06-18,189.01049999999998,176.93549999999996,12.075000000000017,12.075000000000017,0.0,0.0,平日,平常
2025-06-19,198.588,198.538,0.04999999999998295,0.04999999999998295,0.0,0.0,平日,強
2025-06-20,161.375,160.525,0.8499999999999943,0.8499999999999943,0.0,0.0,平日,平常
2025-06-21,103.79375,100.14375,3.6500000000000057,3.6500000000000057,0.0,0.0,週末,平常
2025-06-22,97.738,82.56300000000002,15.174999999999983,15.174999999999983,0.0,0.0,週末,平常
2025-06-23,92.80775,19.36649999999998,73.44125000000003,73.275,0.16625000000001222,7.105427357601002e-15,平日,平常
2025-06-24,124.035,37.22199999999999,86.81300000000002,41.175000000000004,45.63800000000001,0.0,平日,強
2025-06-25,76.181,58.521499999999996,17.6595,17.650000000000013,0.009499999999995623,-7.105427357601002e-15,平日,強
2025-06-26,74.0925,70.49149999999999,3.6010000000000133,2.575000000000003,1.0259999999999962,1.4210854715202004e-14,平日,強
2025-06-27,92.78524999999999,91.10125,1.6839999999999975,0.5250000000000057,1.1589999999999918,0.0,平日,平常
2025-06-28,88.97675000000001,84.87675000000002,4.099999999999994,4.099999999999994,0.0,0.0,週末,平常
2025-06-29,125.85974999999999,118.93299999999999,6.926749999999998,5.25,1.6767499999999984,0.0,週末,平常
2025-06-30,119.57824999999998,99.87825,19.69999999999999,19.69999999999999,0.0,0.0,平日,平常
2025-07-01,105.79650000000001,72.51574999999998,33.280750000000026,29.875000000000014,3.4057499999999976,1.4210854715202004e-14,平日,平常
2025-07-02,154.29174999999998,140.40049999999997,13.891250000000014,3.2750000000000057,10.616250000000008,0.0,平日,平常
2025-07-03,82.58624999999999,76.09074999999999,6.495500000000007,4.224999999999994,2.2705000000000126,0.0,平日,平常
2025-07-04,138.86124999999998,75.1155,63.74574999999999,0.29999999999998295,63.445750000000004,0.0,平日,平常
2025-07-05,99.75799999999998,97.78299999999999,1.9749999999999943,1.9749999999999943,0.0,0.0,週末,平常
2025-07-06,103.58149999999999,97.8765,5.704999999999998,3.4250000000000114,2.280000000000001,-1.4210854715202004e-14,週末,平常
2025-07-07,229.35,202.56900000000002,26.780999999999977,7.799999999999983,18.980999999999995,0.0,平日,平常
2025-07-08,157.74875,121.6075,36.14125,1.2999999999999972,34.84125000000002,-1.4210854715202004e-14,平日,平常
2025-07-09,88.72725,80.69975000000001,8.02749999999999,0.0,8.02749999999999,0.0,平日,平常
2025-07-10,63.16674999999999,56.95374999999999,6.213000000000001,2.375,3.838000000000001,0.0,平日,平常
2025-07-11,43.5005,37.625750000000004,5.874749999999999,5.299999999999983,0.5747499999999874,2.842170943040401e-14,平日,強
2025-07-12,62.880750000000006,60.900499999999994,1.9802500000000123,0.75,1.2302500000000123,0.0,週末,平常
2025-07-13,75.048,69.96675,5.081249999999997,0.9249999999999972,4.15625,0.0,週末,平常
2025-07-14,77.23275000000001,74.10400000000001,3.1287499999999966,1.7750000000000057,1.353749999999991,0.0,平日,強
2025-07-15,65.90299999999999,62.93500000000002,2.967999999999975,1.1249999999999858,1.8429999999999893,0.0,平日,平常
2025-07-16,64.10025,56.80024999999999,7.300000000000011,7.300000000000011,0.0,0.0,平日,平常
2025-07-17,43.23375,29.042500000000008,14.191249999999993,10.22499999999999,3.9662499999999987,3.552713678800501e-15,平日,強
2025-07-18,61.07424999999999,46.660499999999985,14.413750000000007,11.349999999999994,3.063750000000013,0.0,平日,平常
2025-07-19,45.394499999999994,45.394499999999994,0.0,0.0,0.0,0.0,週末,平常
2025-07-20,54.82875,53.19175,1.6370000000000005,0.7249999999999943,0.9120000000000061,0.0,週末,平常
2025-07-21,73.6625,38.636250000000004,35.02624999999999,16.049999999999997,18.97625,-7.105427357601002e-15,平日,平常
2025-07-22,109.16400000000002,82.25900000000001,26.905,24.625,2.280000000000001,0.0,平日,平常
2025-07-23,99.17175000000002,88.92175000000002,10.25,10.25,0.0,0.0,平日,平常
2025-07-24,89.65800000000002,86.78300000000002,2.875,2.875,0.0,0.0,平日,平常
2025-07-25,79.64349999999999,76.84349999999998,2.8000000000000114,2.8000000000000114,0.0,0.0,平日,平常
2025-07-26,63.4645,59.77200000000001,3.6924999999999883,3.549999999999997,0.1424999999999912,0.0,週末,平常
2025-07-27,72.60775000000001,70.363,2.2447500000000105,2.0500000000000114,0.1947499999999991,0.0,週末,平常
2025-07-28,116.29150000000001,107.12750000000001,9.164000000000001,2.40000000000002,6.763999999999996,-1.4210854715202004e-14,平日,平常
2025-07-29,234.04874999999998,213.39225,20.656499999999994,1.400000000000034,19.256500000000017,-5.684341886080802e-14,平日,平常
2025-07-30,92.76975000000002,86.47225,6.297500000000014,6.250000000000014,0.04749999999999943,0.0,平日,平常
2025-07-31,76.50449999999998,73.21749999999997,3.287000000000006,0.0,3.287000000000006,0.0,平日,平常
2025-08-01,70.0125,63.569749999999985,6.442750000000018,0.700000000000017,5.742750000000001,0.0,平日,平常
2025-08-02,98.23925,91.71424999999996,6.525000000000034,6.525000000000034,0.0,0.0,週末,平常
2025-08-03,96.76774999999998,95.64274999999998,1.125,1.125,0.0,0.0,週末,平常
2025-08-04,79.18549999999999,76.78799999999998,2.397500000000008,1.875,0.522500000000008,0.0,平日,平常
2025-08-05,162.281,144.03175,18.249250000000018,3.2250000000000227,15.024249999999995,0.0,平日,平常
2025-08-06,141.87075000000002,116.32975,25.54100000000001,20.52500000000002,5.016000000000005,-1.4210854715202004e-14,平日,平常
2025-08-07,80.32700000000001,53.734500000000025,26.592499999999987,25.97499999999998,0.6175000000000068,0.0,平日,強
2025-08-08,77.95,73.9,4.049999999999997,4.049999999999997,0.0,0.0,平日,平常
2025-08-09,52.054000000000016,46.613,5.441000000000017,5.175000000000011,0.26600000000000534,0.0,週末,強
2025-08-10,13.510000000000002,-15.053499999999989,28.56349999999999,24.45,-97.3465,101.46,週末,強
2025-08-11,22.218000000000004,14.097999999999999,8.120000000000005,8.02500000000001,0.09500000000000242,-7.105427357601002e-15,平日,強
2025-08-12,31.582499999999992,14.855749999999976,16.726750000000017,16.475000000000016,0.25175000000000836,-7.105427357601002e-15,平日,強
2025-08-13,88.7355,53.8155,34.92,31.974999999999994,2.9450000000000074,0.0,平日,平常
2025-08-14,45.832499999999996,32.709,13.123499999999993,7.7749999999999915,5.348500000000001,0.0,平日,平常
2025-08-15,49.724,34.80899999999999,14.915000000000006,8.550000000000011,6.364999999999995,0.0,平日,平常
2025-08-16,46.693749999999994,42.766749999999995,3.9269999999999996,3.7749999999999986,0.15200000000000102,0.0,週末,平常
2025-08-17,52.956500000000005,50.01225000000001,2.9442499999999967,1.125,1.8192499999999967,0.0,週末,平常
2025-08-18,92.371,73.35125,19.019750000000002,4.1000000000000085,14.919749999999993,0.0,平日,平常
2025-08-19,87.20275000000002,81.5215,5.68125000000002,2.0,3.68125000000002,0.0,平日,平常
2025-08-20,73.23025000000001,68.04575000000003,5.184499999999986,0.8999999999999773,4.28449999999998,2.842170943040401e-14,平日,平常
2025-08-21,74.44050000000001,70.04050000000001,4.400000000000006,4.400000000000006,0.0,0.0,平日,平常
2025-08-22,79.81250000000001,75.28025000000002,4.532249999999991,0.29999999999999716,4.232249999999993,0.0,平日,平常
2025-08-23,51.4815,49.8565,1.625,1.625,0.0,0.0,週末,平常
2025-08-24,87.31374999999997,83.13874999999999,4.174999999999983,4.174999999999983,0.0,0.0,週末,平常
2025-08-25,83.80625,74.32225,9.484000000000009,4.525000000000006,4.959000000000003,0.0,平日,平常
2025-08-26,75.67300000000002,71.463,4.210000000000022,0.6000000000000085,3.6100000000000136,0.0,平日,平常
2025-08-27,71.90275,66.6165,5.2862499999999955,3.5999999999999943,1.6862500000000011,0.0,平日,平常
2025-08-28,68.82124999999999,62.973749999999995,5.847499999999997,2.950000000000003,2.8974999999999937,0.0,平日,平常
2025-08-29,68.27199999999998,68.22199999999998,0.04999999999999716,0.04999999999999716,0.0,0.0,平日,平常
2025-08-30,76.23200000000001,74.33425000000001,1.897750000000002,1.4749999999999943,0.42275000000000773,0.0,週末,平常
2025-08-31,81.16375,81.08875,0.07499999999998863,0.07499999999998863,0.0,0.0,週末,平常
2025-09-01,179.99075000000002,175.89075,4.100000000000023,4.100000000000023,0.0,0.0,平日,平常
2025-09-02,104.82399999999998,99.74899999999998,5.075000000000003,5.075000000000003,0.0,0.0,平日,平常
2025-09-03,181.251,156.195,25.05600000000001,1.3249999999999886,23.730999999999995,2.842170943040401e-14,平日,平常
2025-09-04,63.257500000000014,43.661,19.596500000000013,1.1000000000000085,18.496500000000005,0.0,平日,強
2025-09-05,68.57625,43.82125000000001,24.75499999999999,19.624999999999993,5.1299999999999955,0.0,平日,強
2025-09-06,73.395,69.09124999999999,4.303750000000008,2.4750000000000085,1.8287499999999994,0.0,週末,平常
2025-09-07,69.69625,66.87125,2.825000000000003,2.825000000000003,0.0,0.0,週末,平常
2025-09-08,143.57625000000002,139.30125,4.275000000000006,4.275000000000006,0.0,0.0,平日,平常
2025-09-09,74.92625,74.22625000000001,0.6999999999999886,0.6999999999999886,0.0,0.0,平日,平常
2025-09-10,91.9355,73.69175,18.243750000000006,9.100000000000009,9.143749999999997,0.0,平日,強
2025-09-11,67.41425000000001,55.86425,11.550000000000011,11.550000000000011,0.0,0.0,平日,強
2025-09-12,39.68799999999999,19.84925000000002,19.83874999999997,19.14999999999997,0.6887499999999882,1.0658141036401503e-14,平日,強
2025-09-13,31.03624999999999,24.831249999999994,6.204999999999995,4.875,1.3299999999999947,0.0,週末,強
2025-09-14,77.245,74.295,2.950000000000003,2.950000000000003,0.0,0.0,週末,平常
2025-09-15,91.07525000000001,74.49074999999999,16.58450000000002,16.575000000000017,0.009500000000002728,0.0,平日,平常
2025-09-16,143.3825,142.2825,1.0999999999999943,1.0999999999999943,0.0,0.0,平日,平常
2025-09-17,217.32999999999998,212.155,5.174999999999983,5.174999999999983,0.0,0.0,平日,平常
2025-09-18,91.13774999999998,90.08775,1.049999999999983,1.049999999999983,0.0,0.0,平日,平常
2025-09-19,64.36725,50.97874999999999,13.388500000000008,12.600000000000009,0.7884999999999991,0.0,平日,平常
2025-09-20,32.47250000000001,30.822500000000016,1.649999999999995,1.649999999999995,0.0,0.0,週末,強
2025-09-21,80.91525,40.29025,40.625,40.625,0.0,0.0,週末,平常
2025-09-22,62.136250000000004,47.73625000000001,14.399999999999991,14.399999999999991,0.0,0.0,平日,平常
2025-09-23,28.358499999999985,25.48999999999999,2.868499999999994,2.174999999999997,0.6934999999999967,0.0,平日,強
2025-09-24,55.616,50.320750000000004,5.295249999999996,3.4000000000000057,1.89524999999999,0.0,平日,平常
2025-09-25,50.098749999999995,42.81649999999999,7.282250000000005,2.1000000000000085,5.182249999999996,0.0,平日,強
2025-09-26,69.887,64.3395,5.547499999999999,5.0249999999999915,0.522500000000008,0.0,平日,平常
2025-09-27,36.06224999999999,32.01224999999999,4.050000000000004,4.049999999999997,7.105427357601002e-15,0.0,週末,平常
2025-09-28,40.821000000000005,39.801,1.0200000000000031,0.9249999999999972,0.09500000000000597,0.0,週末,平常
2025-09-29,62.038250000000005,52.93825000000001,9.099999999999994,9.099999999999994,0.0,0.0,平日,平常
2025-09-30,62.73525,59.385250000000006,3.3499999999999943,3.3499999999999943,0.0,0.0,平日,平常
2025-10-01,86.18874999999998,73.83975,12.34899999999999,6.724999999999994,5.623999999999995,0.0,平日,平常
2025-10-02,71.6465,42.56149999999999,29.085000000000015,23.1,5.9850000000000065,7.105427357601002e-15,平日,平常
2025-10-03,46.502750000000006,31.327749999999998,15.175000000000008,15.175000000000008,0.0,0.0,平日,強
2025-10-04,23.342499999999983,15.717499999999998,7.624999999999986,6.199999999999989,1.4249999999999972,0.0,週末,強
2025-10-05,50.69674999999999,48.76675,1.9299999999999855,1.0749999999999886,0.8549999999999969,0.0,週末,平常
2025-10-06,71.9985,71.58525,0.413250000000005,0.0,0.413250000000005,0.0,平日,平常
2025-10-07,54.11474999999999,50.66475,3.4499999999999886,3.4499999999999886,0.0,0.0,平日,平常
2025-10-08,71.78925000000001,71.36425000000001,0.42499999999999716,0.42499999999999716,0.0,0.0,平日,平常
2025-10-09,77.10474999999998,47.17250000000002,29.93224999999996,29.02499999999997,0.9072499999999835,7.105427357601002e-15,平日,平常
2025-10-10,63.509,63.309,0.20000000000000284,0.20000000000000284,0.0,0.0,平日,平常
2025-10-11,26.349000000000007,25.070000000000007,1.279,0.5,0.7789999999999999,0.0,週末,強
2025-10-12,54.92150000000001,54.2945,0.6270000000000095,0.4750000000000085,0.15200000000000102,0.0,週末,平常
2025-10-13,87.2935,84.96099999999998,2.3325000000000102,0.10000000000000853,2.2325000000000017,0.0,平日,平常
2025-10-14,63.52775000000002,63.302750000000024,0.22499999999999432,0.22499999999999432,0.0,0.0,平日,平常
2025-10-15,67.10399999999998,66.9755,0.1284999999999883,0.09999999999999432,0.028499999999993975,0.0,平日,平常
2025-10-16,132.23325,87.74450000000002,44.48874999999998,18.624999999999986,25.86375000000001,-1.4210854715202004e-14,平日,強
2025-10-17,92.5805,92.4555,0.125,0.125,0.0,0.0,平日,平常
2025-10-18,49.0825,40.99749999999999,8.085000000000015,7.325000000000017,0.759999999999998,0.0,週末,平常
2025-10-19,48.939,45.76399999999999,3.1750000000000114,3.1750000000000114,0.0,0.0,週末,強
2025-10-20,73.322,67.99674999999999,5.325250000000011,1.1500000000000057,4.1752500000000055,0.0,平日,平常
2025-10-21,58.82124999999999,53.92374999999999,4.897500000000001,2.4749999999999943,2.4224999999999994,7.105427357601002e-15,平日,平常
2025-10-22,59.20949999999999,49.382499999999986,9.827000000000005,8.725000000000009,1.1019999999999968,0.0,平日,強
2025-10-23,83.99099999999999,55.60575000000001,28.385249999999978,16.32499999999998,12.06024999999999,7.105427357601002e-15,平日,平常
2025-10-24,75.411,74.386,1.0250000000000057,1.0250000000000057,0.0,0.0,平日,平常
2025-10-25,29.963499999999993,28.118499999999987,1.845000000000006,1.2750000000000057,0.5700000000000003,0.0,週末,平常
2025-10-26,26.62975,23.06675000000001,3.5629999999999917,3.049999999999997,0.5129999999999946,0.0,週末,強
2025-10-27,66.5095,66.5095,0.0,0.0,0.0,0.0,平日,平常
2025-10-28,86.505,85.63,0.875,0.875,0.0,0.0,平日,平常
2025-10-29,82.02725,65.02724999999998,17.000000000000014,17.000000000000014,0.0,0.0,平日,平常
2025-10-30,91.4065,90.01974999999999,1.3867500000000064,1.3250000000000028,0.061750000000003524,0.0,平日,平常
2025-10-31,38.872749999999996,9.696500000000011,29.176249999999985,23.02500000000001,6.151249999999983,-7.105427357601002e-15,平日,強
2025-11-01,68.24849999999999,64.27225,3.976249999999993,3.5249999999999915,0.4512500000000017,0.0,週末,平常
2025-11-02,83.33125,82.76125,0.5699999999999932,0.0,0.5699999999999932,0.0,週末,平常
2025-11-03,68.12225000000001,67.196,0.9262500000000102,0.0,0.9262500000000102,0.0,平日,平常
2025-11-04,76.1505,70.9505,5.199999999999989,5.199999999999989,0.0,0.0,平日,平常
2025-11-05,64.40974999999997,62.59049999999998,1.8192499999999967,0.0,1.8192499999999967,0.0,平日,平常
2025-11-06,49.85125000000002,44.415000000000006,5.436250000000015,3.750000000000014,1.6862500000000011,0.0,平日,平常
2025-11-07,68.88425,64.5145,4.369749999999996,3.6999999999999886,0.6697500000000076,0.0,平日,平常
2025-11-08,54.10850000000001,53.775999999999996,0.33250000000001023,0.0,0.33250000000001023,0.0,週末,平常
2025-11-09,16.909250000000007,6.682999999999996,10.226250000000011,3.6000000000000085,6.626250000000002,0.0,週末,強
2025-11-10,67.80175,67.74949999999998,0.05225000000001501,0.0,0.05225000000001501,0.0,平日,平常
2025-11-11,72.93875,72.27374999999999,0.6650000000000063,0.0,0.6650000000000063,0.0,平日,平常
2025-11-12,78.1615,76.7345,1.4270000000000067,0.32500000000000284,1.1020000000000039,0.0,平日,平常
2025-11-13,39.16974999999998,37.819749999999985,1.3499999999999943,1.3499999999999943,0.0,0.0,平日,平常
2025-11-14,62.058499999999995,56.51825,5.540249999999993,0.22499999999999432,5.315249999999999,0.0,平日,平常
2025-11-15,106.67374999999998,106.67374999999998,0.0,0.0,0.0,0.0,週末,平常
2025-11-16,111.63999999999999,111.63999999999999,0.0,0.0,0.0,0.0,週末,平常
2025-11-17,45.584999999999994,45.584999999999994,0.0,0.0,0.0,0.0,平日,平常
2025-11-18,69.62549999999999,68.78,0.845499999999987,0.0,0.845499999999987,0.0,平日,平常
2025-11-19,72.7915,68.7675,4.024000000000001,2.674999999999997,1.3490000000000038,0.0,平日,平常
2025-11-20,75.85050000000001,75.85050000000001,0.0,0.0,0.0,0.0,平日,平常
2025-11-21,59.901250000000005,59.34425,0.5570000000000022,0.5,0.05700000000000216,0.0,平日,平常
2025-11-22,109.63749999999999,107.16875,2.468749999999986,0.44999999999998863,2.018749999999997,0.0,週末,平常
2025-11-23,112.83125,106.11625,6.715000000000003,3.674999999999997,3.0400000000000063,0.0,週末,平常
2025-11-24,45.38,43.147000000000006,2.232999999999997,0.20000000000000284,2.032999999999994,0.0,平日,平常
2025-11-25,40.553999999999995,40.553999999999995,0.0,0.0,0.0,0.0,平日,平常
2025-11-26,56.630750000000006,51.073250000000016,5.55749999999999,0.0,5.55749999999999,0.0,平日,平常
2025-11-27,56.98625,53.97,3.0162499999999994,0.0,3.0162499999999994,0.0,平日,平常
2025-11-28,52.53025000000001,49.7695,2.7607500000000087,0.4000000000000057,2.360750000000003,0.0,平日,平常
2025-11-29,103.98750000000001,102.89975000000001,1.0877499999999998,0.0,1.0877499999999998,0.0,週末,平常
2025-11-30,103.27424999999998,98.50999999999999,4.76424999999999,0.0,4.76424999999999,0.0,週末,平常
2025-12-01,31.112749999999988,30.946499999999993,0.16624999999999446,0.0,0.16624999999999446,0.0,平日,平常
2025-12-02,33.13225,31.479250000000004,1.6529999999999951,0.0,1.6529999999999951,0.0,平日,平常
2025-12-03,45.586999999999996,35.704250000000016,9.88274999999998,9.174999999999983,0.7077499999999972,0.0,平日,平常
2025-12-04,59.41974999999998,58.97324999999999,0.44649999999998613,0.0,0.44649999999998613,0.0,平日,平常
2025-12-05,63.57074999999999,59.55224999999999,4.018500000000003,0.0,4.018500000000003,0.0,平日,平常
2025-12-06,50.596999999999994,50.224999999999994,0.3719999999999999,0.125,0.2469999999999999,0.0,週末,平常
2025-12-07,44.26375,42.850750000000005,1.4129999999999967,0.42499999999999716,0.9879999999999995,0.0,週末,平常
2025-12-08,38.33824999999999,37.43825,0.8999999999999915,0.8999999999999915,0.0,0.0,平日,平常
2025-12-09,56.10849999999999,55.80625,0.3022499999999937,0.25,0.05224999999999369,0.0,平日,平常
2025-12-10,53.979,53.81499999999998,0.1640000000000157,0.05000000000001137,0.11400000000000432,0.0,平日,平常
2025-12-11,42.62925,39.53000000000001,3.0992499999999907,0.8999999999999915,2.1992499999999993,0.0,平日,平常
2025-12-12,59.260000000000005,56.717500000000015,2.5424999999999898,0.024999999999991473,2.5174999999999983,0.0,平日,平常
2025-12-13,42.09175,40.08725,2.0045,0.0,2.0045,0.0,週末,平常
2025-12-14,23.38624999999999,16.5125,6.8737499999999905,3.5249999999999915,3.348749999999999,0.0,週末,平常
2025-12-15,52.09324999999999,51.368249999999996,0.7249999999999943,0.7249999999999943,0.0,0.0,平日,平常
2025-12-16,41.05175,36.952499999999986,4.099250000000012,0.0,4.099250000000012,0.0,平日,平常
2025-12-17,25.056500000000014,21.46125000000001,3.5952500000000036,-2.0999999999999943,-53.39,59.08525,平日,平常
2025-12-18,37.045000000000016,36.05200000000001,0.9930000000000092,0.5750000000000028,0.41800000000000637,0.0,平日,平常
2025-12-19,31.6,30.479000000000003,1.1209999999999987,0.0,1.1209999999999987,0.0,平日,平常
2025-12-20,8.714999999999996,8.71499999999999,7.105427357601002e-15,0.0,7.105427357601002e-15,0.0,週末,平常
2025-12-21,5.343500000000002,2.217750000000013,3.1257499999999894,2.9499999999999886,0.17575000000000074,0.0,週末,強
2025-12-22,31.9525,30.22325,1.7292500000000004,0.5750000000000028,1.1542499999999976,0.0,平日,平常
2025-12-23,27.187999999999995,25.905499999999993,1.2825000000000024,0.0,1.2825000000000024,0.0,平日,平常
2025-12-24,31.392250000000008,11.481249999999992,19.911000000000016,18.12500000000001,-23.892500000000005,25.67850000000001,平日,強
2025-12-25,19.336249999999996,2.915499999999998,16.420749999999998,13.299999999999997,-48.820499999999996,51.94125,平日,強
2025-12-26,17.968,16.664249999999992,1.303750000000008,0.42500000000001137,0.8787499999999966,0.0,平日,平常
2025-12-27,23.890000000000008,19.781250000000004,4.108750000000004,0.0,4.108750000000004,0.0,週末,平常
2025-12-28,69.66400000000002,66.82350000000001,2.840500000000006,0.0,2.840500000000006,0.0,週末,平常
2025-12-29,25.783499999999993,23.040750000000003,2.7427499999999903,0.32499999999998863,2.4177500000000016,0.0,平日,平常
2025-12-30,44.130250000000004,40.86399999999999,3.2662500000000136,0.25,3.0162500000000136,0.0,平日,平常
2025-12-31,55.691750000000006,22.46625000000001,33.2255,28.67499999999999,4.550499999999996,1.0658141036401503e-14,平日,平常
2026-01-01,32.26150000000001,27.497250000000005,4.764250000000008,0.0,4.764250000000008,0.0,平日,平常
2026-01-02,31.73125000000001,28.833750000000013,2.8974999999999973,0.0,2.8974999999999973,0.0,平日,平常
2026-01-03,38.056,32.61375000000001,5.442249999999987,2.8249999999999886,2.6172499999999985,0.0,週末,平常
2026-01-04,41.11325000000001,38.11999999999999,2.9932500000000175,2.200000000000017,0.7932500000000005,0.0,週末,平常
2026-01-05,37.744,15.552499999999988,22.191500000000012,1.2250000000000085,-108.72749999999999,129.694,平日,平常
2026-01-06,53.12350000000001,53.0235,0.10000000000000853,0.10000000000000853,0.0,0.0,平日,平常
2026-01-07,52.959,42.48350000000001,10.475499999999997,-16.87500000000001,-123.9085,151.25900000000001,平日,平常
2026-01-08,57.072999999999986,51.77475,5.298249999999989,0.7999999999999972,4.498249999999992,0.0,平日,平常
2026-01-09,63.94200000000001,56.74549999999999,7.1965000000000146,1.5250000000000057,5.671500000000009,0.0,平日,平常
2026-01-10,18.361249999999995,18.361249999999995,0.0,0.0,0.0,0.0,週末,平常
2026-01-11,26.262499999999996,24.088749999999994,2.173750000000002,0.7249999999999943,1.4487500000000075,0.0,週末,平常
2026-01-12,47.057249999999996,42.374750000000006,4.68249999999999,0.5499999999999972,4.132499999999993,0.0,平日,平常
2026-01-13,29.759249999999998,27.693500000000004,2.065749999999994,0.75,1.3157499999999942,0.0,平日,平常
2026-01-14,54.15699999999998,51.98249999999999,2.1744999999999948,0.5499999999999972,1.6244999999999976,0.0,平日,平常
2026-01-15,39.56625,36.2525,3.313749999999999,0.25,3.063749999999999,0.0,平日,平常
2026-01-16,39.375,35.608999999999995,3.7660000000000053,0.6500000000000057,3.1159999999999997,0.0,平日,平常
2026-01-17,70.2825,61.613249999999994,8.669250000000005,7.325000000000003,1.3442500000000024,0.0,週末,平常
2026-01-18,99.43999999999998,97.88550000000001,1.554499999999976,0.024999999999991473,1.5294999999999845,0.0,週末,平常
2026-01-19,59.1845,58.082499999999996,1.1020000000000039,0.0,1.1020000000000039,0.0,平日,平常
2026-01-20,61.843749999999986,57.01875,4.824999999999989,4.824999999999989,0.0,0.0,平日,平常
2026-01-21,83.04524999999998,80.299,2.746249999999975,0.7749999999999773,1.9712499999999977,0.0,平日,平常
2026-01-22,111.1165,69.08850000000001,42.02799999999999,0.0,42.02799999999999,0.0,平日,平常
2026-01-23,71.151,71.0085,0.1424999999999983,0.0,0.1424999999999983,0.0,平日,平常
2026-01-24,56.78274999999999,56.21275,0.5699999999999932,0.4749999999999943,0.09499999999999886,0.0,週末,平常
2026-01-25,67.57050000000001,65.76175,1.8087500000000034,0.07500000000000284,1.7337499999999864,1.4210854715202004e-14,週末,平常
2026-01-26,150.49499999999998,142.03349999999998,8.461500000000001,-10.699999999999989,-30.998499999999993,50.15999999999998,平日,平常
2026-01-27,57.567249999999994,55.150000000000006,2.4172499999999886,-13.500000000000014,-152.0,167.91725,平日,平常
2026-01-28,59.91625000000001,58.42250000000001,1.4937500000000057,0.9000000000000057,0.59375,0.0,平日,平常
2026-01-29,72.755,70.31174999999999,2.443250000000006,0.22500000000000853,2.218250000000012,-1.4210854715202004e-14,平日,平常
2026-01-30,62.98499999999999,58.75249999999998,4.232500000000009,-7.024999999999984,-117.27749999999999,128.53499999999997,平日,平常
2026-01-31,51.24500000000001,49.21499999999999,2.0300000000000225,0.700000000000017,1.3300000000000054,0.0,週末,平常
2026-02-01,37.349,32.68424999999999,4.664750000000005,0.5750000000000028,4.089750000000002,0.0,週末,平常
2026-02-02,69.58575,68.03175000000002,1.5539999999999878,1.2499999999999858,0.30400000000000205,0.0,平日,平常
2026-02-03,66.0925,61.82500000000001,4.267499999999991,4.125000000000007,0.1424999999999983,-1.4210854715202004e-14,平日,平常
2026-02-04,59.95600000000001,59.50600000000001,0.45000000000000284,0.45000000000000284,0.0,0.0,平日,平常
2026-02-05,46.68249999999999,41.452749999999995,5.229749999999996,0.0,5.229749999999996,0.0,平日,平常
2026-02-06,29.340500000000002,28.984000000000012,0.3564999999999898,0.09999999999999432,0.2564999999999955,0.0,平日,平常
2026-02-07,50.0935,48.80449999999999,1.2890000000000086,0.7000000000000028,0.5890000000000057,0.0,週末,平常
2026-02-08,77.13675,74.453,2.6837500000000034,0.0,2.6837500000000034,0.0,週末,平常
2026-02-09,74.3295,61.743249999999996,12.58625,3.7749999999999986,8.811250000000008,-7.105427357601002e-15,平日,平常
2026-02-10,45.568499999999986,43.882250000000006,1.6862499999999798,0.0,1.6862499999999798,0.0,平日,平常
2026-02-11,48.41499999999999,37.4825,10.93249999999999,7.749999999999986,3.1825000000000045,0.0,平日,強
2026-02-12,45.77225,44.47500000000001,1.2972499999999911,0.19999999999998863,1.0972500000000025,0.0,平日,平常
2026-02-13,48.065,48.065,0.0,0.0,0.0,0.0,平日,平常
2026-02-14,40.70175,38.231249999999996,2.4705000000000013,0.20000000000000284,2.2704999999999984,0.0,週末,平常
2026-02-15,85.08075,79.2145,5.866249999999994,3.799999999999997,2.0662499999999966,0.0,週末,平常
2026-02-16,31.47575,28.230749999999986,3.245000000000015,0.7750000000000057,2.4700000000000095,0.0,平日,平常
2026-02-17,36.446999999999996,34.92224999999999,1.5247500000000045,0.0,1.5247500000000045,0.0,平日,平常
2026-02-18,47.295500000000004,45.04075000000001,2.2547499999999943,0.8249999999999957,1.4297499999999985,0.0,平日,平常
2026-02-19,47.65799999999999,45.51099999999999,2.1469999999999985,0.0,2.1469999999999985,0.0,平日,平常
2026-02-20,28.6655,26.69,1.9755000000000003,0.75,1.2255000000000003,0.0,平日,平常
2026-02-21,97.65299999999999,95.3005,2.352499999999992,0.5,1.852499999999992,0.0,週末,強
2026-02-22,87.675,77.773,9.902000000000001,7.375,2.527000000000001,0.0,週末,平常
2026-02-23,93.79325,88.41624999999999,5.3770000000000095,0.0,5.3770000000000095,0.0,平日,平常
2026-02-24,18.580749999999988,18.229250000000008,0.35149999999998016,-1.4210854715202004e-14,0.3514999999999944,0.0,平日,平常
2026-02-25,25.54074999999999,-2.779499999999995,28.320249999999984,16.924999999999983,-103.4455,114.84075,平日,強
2026-02-26,24.700499999999998,24.700499999999998,0.0,0.0,0.0,0.0,平日,平常
2026-02-27,13.706749999999989,10.706749999999989,3.0,3.0,0.0,0.0,平日,強
2026-02-28,86.1135,80.9305,5.183000000000007,1.25,3.933000000000007,0.0,週末,平常
2026-03-01,94.10674999999999,93.56049999999999,0.5462500000000006,0.0,0.5462500000000006,0.0,週末,強
2026-03-02,34.655000000000015,33.68000000000001,0.9750000000000085,0.9750000000000085,0.0,0.0,平日,平常
2026-03-03,27.680749999999996,13.76874999999998,13.912000000000017,9.675000000000011,-24.889999999999997,29.127000000000002,平日,強
2026-03-04,40.56249999999999,40.147499999999994,0.41499999999999915,0.22499999999999432,0.19000000000000483,0.0,平日,平常
2026-03-05,56.81325,56.18825,0.625,0.625,0.0,0.0,平日,強
2026-03-06,18.177749999999996,16.852749999999993,1.3250000000000028,1.3250000000000028,0.0,0.0,平日,平常
2026-03-07,103.43575000000001,97.50049999999999,5.935250000000025,2.4250000000000114,3.5102500000000134,0.0,週末,平常
2026-03-08,118.78299999999999,117.738,1.0449999999999875,0.0,1.0449999999999875,0.0,週末,強
2026-03-09,76.6745,76.64949999999999,0.025000000000005684,0.025000000000005684,0.0,0.0,平日,平常
2026-03-10,109.60249999999999,106.27250000000001,3.329999999999984,0.09999999999999432,3.2299999999999898,0.0,平日,平常
2026-03-11,98.17899999999999,86.0975,12.081499999999991,8.974999999999994,3.106500000000011,-1.4210854715202004e-14,平日,強
2026-03-12,129.131,125.58275,3.548249999999996,0.0,3.548249999999996,0.0,平日,強
2026-03-13,92.66375,78.9695,13.694249999999997,0.0,13.694249999999997,0.0,平日,平常
2026-03-14,160.4025,154.23525,6.167249999999996,0.22499999999999432,5.942250000000001,0.0,週末,強
2026-03-15,166.33675,157.35925,8.977499999999992,0.0,8.977499999999992,0.0,週末,平常
2026-03-16,106.549,91.1945,15.354500000000002,0.5250000000000057,14.829499999999996,0.0,平日,平常
2026-03-17,153.56924999999998,134.99875,18.57049999999998,4.900000000000006,13.670500000000004,-2.842170943040401e-14,平日,平常
2026-03-18,53.34075,34.73149999999999,18.60925000000001,2.825000000000017,15.784249999999993,0.0,平日,平常
2026-03-19,113.41450000000002,106.12,7.2945000000000135,7.0,0.29450000000001353,0.0,平日,平常
2026-03-20,152.881,139.42899999999997,13.452000000000027,0.0,13.452000000000027,0.0,平日,平常
2026-03-21,159.20074999999997,157.95624999999998,1.244499999999988,0.0,1.244499999999988,0.0,週末,強
2026-03-22,154.68375,151.55875,3.125,3.125,0.0,0.0,週末,平常
2026-03-23,92.71549999999999,91.30799999999999,1.4074999999999989,0.5999999999999943,0.8074999999999903,1.4210854715202004e-14,平日,平常
2026-03-24,181.309,181.29475,0.014250000000004093,0.0,0.014250000000004093,0.0,平日,強
2026-03-25,22.80825,11.602750000000029,11.205499999999972,10.074999999999982,1.1304999999999907,0.0,平日,強
2026-03-26,98.916,96.655,2.2609999999999957,0.4749999999999943,1.7860000000000014,0.0,平日,平常
2026-03-27,126.08975,120.45625000000001,5.633499999999984,0.0,5.633499999999984,0.0,平日,平常
2026-03-28,155.10625,154.46025,0.6459999999999866,0.0,0.6459999999999866,0.0,週末,強
2026-03-29,137.30325000000002,136.99925000000002,0.30400000000000205,0.0,0.30400000000000205,0.0,週末,平常
2026-03-30,107.854,107.55000000000001,0.30399999999998784,0.0,0.30399999999998784,0.0,平日,平常
2026-03-31,66.60474999999998,34.24024999999999,32.36449999999999,29.599999999999994,2.764499999999998,0.0,平日,強
2026-04-01,173.33999999999997,95.50899999999996,77.83100000000002,72.15000000000003,5.680999999999997,-1.4210854715202004e-14,平日,強
2026-04-02,122.78400000000002,117.08349999999999,5.700500000000034,1.1500000000000057,4.550500000000028,0.0,平日,平常
2026-04-03,236.206,223.18624999999997,13.019750000000016,0.0,13.019750000000016,0.0,平日,強
2026-04-04,14.50549999999999,-9.383249999999961,23.888749999999952,23.19999999999996,0.6887499999999989,-7.105427357601002e-15,週末,強
2026-04-05,173.10875000000001,170.35375000000002,2.7549999999999955,0.0,2.7549999999999955,0.0,週末,平常
2026-04-06,189.99449999999996,169.48749999999998,20.506999999999977,12.375000000000028,8.131999999999977,-2.842170943040401e-14,平日,平常
2026-04-07,135.07150000000001,93.19775,41.873750000000015,22.375,19.49875,1.4210854715202004e-14,平日,強
2026-04-08,267.18725,173.32274999999998,93.86450000000002,85.87500000000006,7.9894999999999925,-2.842170943040401e-14,平日,強
2026-04-09,165.04625,145.74200000000002,19.304249999999968,9.125,10.179249999999968,0.0,平日,平常
2026-04-10,81.01125,-26.90474999999998,107.91599999999998,54.44999999999998,-203.77025,257.23625,平日,強
2026-04-11,149.26375,149.26375,0.0,0.0,0.0,0.0,週末,強
2026-04-12,165.4185,162.54950000000002,2.8689999999999714,0.0,2.8689999999999714,0.0,週末,強
2026-04-13,174.79225,168.64425,6.147999999999996,0.125,6.022999999999996,0.0,平日,平常
2026-04-14,154.14000000000001,150.26125000000002,3.8787499999999966,2.5250000000000057,1.353749999999991,0.0,平日,平常
2026-04-15,61.80499999999997,56.46375,5.341249999999974,5.174999999999983,0.1662499999999909,0.0,平日,強
2026-04-16,235.84675,235.62174999999996,0.22500000000002274,0.22500000000002274,0.0,0.0,平日,強
2026-04-17,166.5265,166.50150000000002,0.024999999999977263,0.024999999999977263,0.0,0.0,平日,平常
2026-04-18,87.27475,56.035000000000004,31.239749999999994,28.574999999999996,2.664749999999991,7.105427357601002e-15,週末,平常
2026-04-19,166.131,163.72275,2.4082500000000095,0.0,2.4082500000000095,0.0,週末,平常
2026-04-20,133.24625,133.07125,0.17500000000001137,0.17500000000001137,0.0,0.0,平日,平常
2026-04-21,198.61149999999998,159.11849999999998,39.492999999999995,14.850000000000023,24.64300000000003,-5.684341886080802e-14,平日,平常
2026-04-22,190.46024999999997,164.767,25.693249999999978,21.57499999999999,4.118249999999989,0.0,平日,平常
2026-04-23,124.775,77.43599999999998,47.33900000000003,33.45000000000002,13.88900000000001,0.0,平日,強
2026-04-24,109.03899999999999,98.2445,10.794499999999985,3.8499999999999943,6.944499999999991,0.0,平日,平常
2026-04-25,143.23125,135.389,7.842249999999979,0.0,7.842249999999979,0.0,週末,平常
2026-04-26,176.999,160.04625,16.95275000000001,0.0,16.95275000000001,0.0,週末,平常
2026-04-27,87.47625000000001,76.21600000000001,11.26025,10.125,1.1352499999999992,0.0,平日,平常
2026-04-28,122.2425,115.39349999999999,6.849000000000018,5.025000000000006,1.8240000000000123,0.0,平日,平常
2026-04-29,105.10249999999998,97.48500000000001,7.617499999999964,1.299999999999983,6.317499999999981,0.0,平日,強
2026-04-30,26.285749999999986,24.13575000000001,2.1499999999999773,2.1499999999999773,0.0,0.0,平日,強
2026-05-01,93.19099999999999,79.63999999999999,13.551000000000002,12.049999999999997,1.5010000000000048,0.0,平日,強
2026-05-02,145.402,138.69975,6.702249999999992,0.0,6.702249999999992,0.0,週末,強
2026-05-03,57.944250000000004,57.144249999999985,0.8000000000000185,0.32500000000001705,0.4750000000000014,0.0,週末,強
2026-05-04,130.90025,112.65075,18.249499999999998,0.0,18.249499999999998,0.0,平日,平常
2026-05-05,132.06875,117.69999999999999,14.368750000000006,0.0,14.368750000000006,0.0,平日,強
2026-05-06,142.45225,140.44299999999998,2.0092500000000086,0.0,2.0092500000000086,0.0,平日,平常
2026-05-07,138.34074999999999,138.34074999999999,0.0,0.0,0.0,0.0,平日,平常
2026-05-08,73.20875000000001,49.055000000000014,24.153749999999995,23.749999999999993,0.40374999999999517,7.105427357601002e-15,平日,平常
2026-05-09,152.9355,152.38925,0.5462499999999864,0.0,0.5462499999999864,0.0,週末,強
2026-05-10,159.709,157.73775,1.9712499999999977,0.0,1.9712499999999977,0.0,週末,強
2026-05-11,210.59575,189.376,21.219750000000005,12.474999999999966,8.74475000000001,2.842170943040401e-14,平日,強
2026-05-12,200.21025,157.02549999999997,43.18475000000004,2.900000000000034,40.28475000000006,-5.684341886080802e-14,平日,平常
2026-05-13,166.02824999999999,146.88375,19.144499999999994,9.349999999999994,9.7945,0.0,平日,平常
2026-05-14,207.149,202.42399999999998,4.725000000000023,4.725000000000023,0.0,0.0,平日,平常
2026-05-15,243.92374999999998,241.52374999999998,2.4000000000000057,2.4000000000000057,0.0,0.0,平日,強
2026-05-16,165.89825,158.34575,7.552499999999981,0.0,7.552499999999981,0.0,週末,強
2026-05-17,154.63125,153.30124999999998,1.3300000000000125,0.0,1.3300000000000125,0.0,週末,強
2026-05-18,258.44699999999995,258.29699999999997,0.14999999999997726,0.14999999999997726,0.0,0.0,平日,強
2026-05-19,242.318,206.01999999999998,36.29800000000003,27.42500000000001,8.873000000000019,0.0,平日,平常
2026-05-20,180.77624999999998,103.46999999999997,77.30625,17.575000000000017,59.73124999999999,0.0,平日,平常
2026-05-21,120.51575000000003,-65.838,186.35375000000002,111.375,-189.487,264.46575,平日,強
2026-05-22,128.42874999999998,117.98474999999999,10.443999999999988,6.625,3.8189999999999884,0.0,平日,強
2026-05-23,86.3525,72.12624999999998,14.226250000000022,12.350000000000009,1.876250000000013,0.0,週末,強
2026-05-24,168.58875,139.58875,29.0,6.199999999999989,22.799999999999955,5.684341886080802e-14,週末,強
2026-05-25,261.9025,257.67749999999995,4.225000000000023,4.225000000000023,0.0,0.0,平日,平常
2026-05-26,163.725,154.84750000000003,8.87749999999997,5.599999999999966,3.2775000000000034,0.0,平日,平常
2026-05-27,137.52474999999998,120.13450000000002,17.390249999999966,8.274999999999963,9.115249999999989,1.4210854715202004e-14,平日,強
2026-05-28,108.89999999999998,103.76399999999998,5.135999999999996,4.299999999999983,0.8360000000000127,0.0,平日,強
2026-05-29,178.81575,175.19075,3.625,3.625,0.0,0.0,平日,平常
2026-05-30,178.96550000000002,176.23424999999997,2.7312500000000455,0.0,2.7312500000000455,0.0,週末,平常
2026-05-31,160.1875,154.7625,5.425000000000011,5.425000000000011,0.0,0.0,週末,平常
2026-06-01,202.426,199.65099999999998,2.7750000000000057,2.7750000000000057,0.0,0.0,平日,平常
2026-06-02,126.77400000000003,-0.3562499999999744,127.13025,78.875,48.255250000000004,0.0,平日,強
2026-06-03,118.23525,77.94775,40.287499999999994,27.224999999999994,13.069624999999988,-0.0071249999999878355,平日,強
2026-06-04,149.28900000000002,149.28900000000002,0.0,0.0,0.0,0.0,平日,強
2026-06-05,139.26299999999998,133.91299999999998,5.349999999999994,5.349999999999994,0.0,0.0,平日,強
2026-06-06,88.26599999999999,82.393,5.8729999999999905,4.125,1.7479999999999905,0.0,週末,強
2026-06-07,100.27999999999997,66.73249999999999,33.547499999999985,30.650000000000006,2.8974999999999937,-1.4210854715202004e-14,週末,強
2026-06-08,93.87375,48.08475000000001,45.788999999999994,28.574999999999996,17.214000000000006,-7.105427357601002e-15,平日,強
2026-06-09,97.321,95.03999999999999,2.281000000000006,1.3499999999999943,0.9310000000000116,0.0,平日,強
2026-06-10,97.67150000000001,77.9705,19.701000000000008,11.075000000000003,8.62599999999999,1.4210854715202004e-14,平日,平常
2026-06-11,120.124,110.941,9.182999999999993,6.200000000000003,2.983000000000004,-1.4210854715202004e-14,平日,平常
2026-06-12,136.13275,126.13300000000001,9.999749999999977,9.900000000000006,0.09975000000000023,-2.842170943040401e-14,平日,平常
2026-06-13,151.28699999999998,151.262,0.024999999999977263,0.024999999999977263,0.0,0.0,週末,平常
2026-06-14,152.59249999999997,130.868,21.724499999999978,19.625,2.0994999999999777,0.0,週末,平常
2026-06-15,60.89375,43.233750000000015,17.659999999999982,16.899999999999984,0.7599999999999838,1.4210854715202004e-14,平日,強
2026-06-16,105.36375,101.86375,3.5,3.5,0.0,0.0,平日,平常
2026-06-17,61.88974999999997,57.17599999999998,4.71374999999999,4.5,0.21374999999999034,0.0,平日,平常
2026-06-18,93.46,80.42599999999999,13.034000000000006,0.0,13.034000000000006,0.0,平日,平常
2026-06-19,104.27925,65.09374999999997,39.18550000000003,20.575000000000017,18.610500000000016,0.0,平日,平常
2026-06-20,37.070499999999996,-6.088000000000001,43.1585,41.8,1.3585000000000136,-1.4210854715202004e-14,週末,強
2026-06-21,84.49249999999999,75.668,8.824499999999986,7.674999999999983,1.1495000000000033,0.0,週末,平常
2026-06-22,61.81525000000001,45.325750000000006,16.489500000000007,14.675000000000011,1.8144999999999953,0.0,平日,強
2026-06-23,61.67724999999999,58.72725,2.9499999999999886,2.9499999999999886,0.0,0.0,平日,強
2026-06-24,54.49125000000001,48.34675,6.144500000000008,5.375000000000007,0.769500000000015,-1.4210854715202004e-14,平日,平常
2026-06-25,63.145,17.99649999999997,45.148500000000034,43.60000000000002,1.5485000000000255,-1.4210854715202004e-14,平日,強
2026-06-26,66.30799999999999,-9.71950000000001,76.0275,66.10000000000001,9.927499999999995,0.0,平日,強
2026-06-27,52.484999999999985,47.50999999999999,4.974999999999994,4.974999999999994,0.0,0.0,週末,強
2026-06-28,113.9795,90.9145,23.064999999999998,22.875,0.18999999999999773,0.0,週末,平常
2026-06-29,147.99575,113.87625,34.11949999999999,14.349999999999994,19.769499999999994,0.0,平日,平常
2026-06-30,59.614999999999995,57.96499999999999,1.6500000000000057,1.6500000000000057,0.0,0.0,平日,平常
2026-07-01,85.62875000000003,74.94324999999999,10.685500000000033,6.325000000000017,4.360500000000016,0.0,平日,平常
2026-07-02,67.1025,56.331250000000004,10.771250000000002,10.225000000000001,0.5462499999999935,7.105427357601002e-15,平日,強
2026-07-03,53.14225000000002,51.30775,1.8345000000000198,1.3500000000000227,0.48449999999999704,0.0,平日,平常
2026-07-04,44.68424999999999,42.20099999999999,2.483249999999998,2.450000000000003,0.03324999999999534,0.0,週末,強
2026-07-05,39.91074999999998,31.743250000000003,8.167499999999976,8.024999999999977,0.14250000000000185,-3.552713678800501e-15,週末,強
2026-07-06,70.28299999999999,37.88874999999999,32.39425,24.400000000000006,7.994249999999994,0.0,平日,強
2026-07-07,82.785,81.51899999999998,1.2660000000000196,0.5250000000000057,0.7410000000000139,0.0,平日,平常
2026-07-08,47.67400000000001,47.67400000000001,0.0,0.0,0.0,0.0,平日,平常
2026-07-09,71.14574999999996,68.31624999999998,2.8294999999999817,1.7749999999999915,1.0545000000000044,-1.4210854715202004e-14,平日,平常
2026-07-10,106.09374999999999,102.46,3.633749999999992,0.0,3.633749999999992,0.0,平日,平常
2026-07-11,132.05325,121.64474999999997,10.408500000000018,5.725000000000023,4.683499999999995,0.0,週末,平常
2026-07-12,103.595,97.28925000000001,6.305749999999989,5.75,0.5557500000000175,-2.842170943040401e-14,週末,平常
2026-07-13,162.86200000000002,117.55300000000003,45.309,32.275000000000006,13.033999999999992,0.0,平日,平常
2026-07-14,185.32649999999998,154.9415,30.38499999999999,5.875,24.50999999999999,0.0,平日,平常
2026-07-15,144.1115,136.17374999999998,7.9377500000000225,1.625,6.3127500000000225,0.0,平日,平常
2026-07-16,136.22575,130.9195,5.306250000000006,1.625,3.6812500000000057,0.0,平日,平常
2026-07-17,107.58499999999998,95.18825,12.396749999999983,4.449999999999989,7.946749999999994,0.0,平日,平常
2026-07-18,90.2635,89.90725,0.35624999999998863,0.0,0.35624999999998863,0.0,週末,平常
2026-07-19,130.37025,122.45324999999998,7.917000000000016,2.8249999999999886,5.092000000000027,0.0,週末,平常
2026-07-20,151.74,123.933,27.807000000000002,27.749999999999986,0.05700000000000216,1.4210854715202004e-14,平日,平常
2026-07-21,137.53525,123.34200000000001,14.193249999999978,12.449999999999989,1.743249999999989,0.0,平日,平常
2026-07-22,183.18425000000002,176.5675,6.616750000000025,0.0,6.616750000000025,0.0,平日,平常
2026-07-23,251.04825,248.67374999999998,2.374500000000012,0.75,1.6245000000000118,0.0,平日,平常
2026-07-24,248.413,232.09499999999997,16.31800000000004,8.775000000000034,7.543000000000006,0.0,平日,平常
2026-07-25,142.51125000000002,121.09000000000002,21.42125,20.875000000000014,0.5462500000000006,-1.4210854715202004e-14,週末,平常
2026-07-26,116.26674999999999,110.16549999999997,6.101250000000022,5.175000000000011,0.9262500000000102,0.0,週末,平常
2026-07-27,133.46225,97.38574999999997,36.07650000000004,28.600000000000023,7.476500000000016,0.0,平日,平常
2026-07-28,108.76875000000001,95.45000000000002,13.318749999999994,0.8499999999999943,12.46875,0.0,平日,平常
2026-07-29,115.22750000000002,111.99750000000003,3.2299999999999898,0.0,3.2299999999999898,0.0,平日,平常
2026-07-30,154.8665,145.632,9.234499999999997,6.375,2.859499999999997,0.0,平日,平常
2026-07-31,150.27249999999998,145.77249999999998,4.5,4.5,0.0,0.0,平日,平常
2026-08-01,153.6535,150.5285,3.125,3.125,0.0,0.0,週末,平常
2026-08-02,143.48125,127.60825,15.87299999999999,3.1999999999999886,12.673000000000002,0.0,週末,平常
2026-08-03,122.856,117.21025,5.6457499999999925,5.375,0.2707499999999925,0.0,平日,強
2026-08-04,151.76,122.56625,29.193749999999994,19.57499999999999,9.618750000000006,0.0,平日,平常
2026-08-05,174.68,170.978,3.701999999999998,3.0749999999999886,0.6270000000000095,0.0,平日,平常
2026-08-06,152.12974999999997,150.98000000000002,1.1497499999999548,1.0499999999999545,0.0997499999999718,2.842170943040401e-14,平日,平常
2026-08-07,105.733,103.10799999999998,2.6250000000000284,2.6250000000000284,0.0,0.0,平日,平常
2026-08-08,145.233,136.233,9.0,9.0,0.0,0.0,週末,平常
2026-08-09,124.09874999999997,114.07374999999998,10.024999999999991,3.8499999999999943,6.174999999999997,0.0,週末,強
2026-08-10,94.97124999999998,51.88575,43.08549999999998,42.52499999999998,0.5604999999999976,7.105427357601002e-15,平日,平常
2026-08-11,52.04375,43.61575,8.428000000000004,8.200000000000003,0.22800000000000153,0.0,平日,平常
2026-08-12,83.63850000000001,80.3135,3.325000000000003,3.325000000000003,0.0,0.0,平日,強
2026-08-13,83.74425,76.70800000000001,7.036249999999981,4.399999999999977,2.636250000000004,0.0,平日,強
2026-08-14,79.39125000000001,50.24425,29.147000000000013,19.875000000000007,9.272000000000006,0.0,平日,強
2026-08-15,76.83525,66.98025000000001,9.85499999999999,6.149999999999977,3.7049999999999983,1.4210854715202004e-14,週末,強
2026-08-16,100.46124999999999,98.01874999999998,2.4425000000000097,1.3500000000000227,1.0925000000000011,-1.4210854715202004e-14,週末,強
2026-08-17,154.65999999999997,106.91499999999999,47.744999999999976,29.125,18.61999999999999,-1.4210854715202004e-14,平日,判定不能
2026-08-18,153.34625,145.77125,7.574999999999989,7.574999999999989,0.0,0.0,平日,判定不能
