date,item,origin,price,qty
2024-01-05,レタス,兵庫,348,77703
2024-01-05,レタス,千葉,328,42184
2024-01-05,レタス,総計,270,630476
2024-01-05,レタス,長崎,139,126245
2024-01-05,レタス,静岡,287,196166
2024-01-05,レタス,香川,284,72858
2024-01-06,レタス,兵庫,345,72230
2024-01-06,レタス,千葉,331,18177
2024-01-06,レタス,総計,292,315697
2024-01-06,レタス,長崎,160,53045
2024-01-06,レタス,静岡,290,85136
2024-01-06,レタス,香川,293,28724
2024-01-08,レタス,兵庫,336,20850
2024-01-08,レタス,熊本,168,21100
2024-01-08,レタス,総計,266,311271
2024-01-08,レタス,長崎,160,44280
2024-01-08,レタス,静岡,270,108124
2024-01-08,レタス,香川,275,28834
2024-01-09,レタス,兵庫,320,41890
2024-01-09,レタス,千葉,305,18395
2024-01-09,レタス,総計,272,325296
2024-01-09,レタス,長崎,150,32935
2024-01-09,レタス,静岡,268,128552
2024-01-09,レタス,香川,260,46178
2024-01-11,レタス,千葉,303,17436
2024-01-11,レタス,福岡,331,17145
2024-01-11,レタス,総計,242,337991
2024-01-11,レタス,長崎,157,59135
2024-01-11,レタス,静岡,251,143699
2024-01-11,レタス,香川,242,32434
2024-01-12,レタス,兵庫,293,21210
2024-01-12,レタス,総計,248,286615
2024-01-12,レタス,茨城,230,16750
2024-01-12,レタス,長崎,149,26140
2024-01-12,レタス,静岡,251,115472
2024-01-12,レタス,香川,250,39632
2024-01-13,レタス,兵庫,279,38025
2024-01-13,レタス,総計,241,318651
2024-01-13,レタス,茨城,207,16711
2024-01-13,レタス,長崎,152,39560
2024-01-13,レタス,静岡,238,124579
2024-01-13,レタス,香川,237,50360
2024-01-15,レタス,兵庫,271,23650
2024-01-15,レタス,福岡,301,19816
2024-01-15,レタス,総計,221,326580
2024-01-15,レタス,長崎,150,33410
2024-01-15,レタス,静岡,226,140924
2024-01-15,レタス,香川,187,50323
2024-01-16,レタス,兵庫,282,36930
2024-01-16,レタス,福岡,307,18850
2024-01-16,レタス,総計,231,311136
2024-01-16,レタス,長崎,150,21220
2024-01-16,レタス,静岡,224,118568
2024-01-16,レタス,香川,198,60634
2024-01-18,レタス,熊本,180,20296
2024-01-18,レタス,福岡,285,20591
2024-01-18,レタス,総計,221,361287
2024-01-18,レタス,長崎,155,39615
2024-01-18,レタス,静岡,224,183066
2024-01-18,レタス,香川,201,39728
2024-01-19,レタス,兵庫,269,21802
2024-01-19,レタス,福岡,306,18509
2024-01-19,レタス,総計,224,250558
2024-01-19,レタス,長崎,148,26480
2024-01-19,レタス,静岡,220,78912
2024-01-19,レタス,香川,190,38600
2024-01-20,レタス,兵庫,274,17908
2024-01-20,レタス,千葉,262,18739
2024-01-20,レタス,総計,224,337443
2024-01-20,レタス,長崎,144,36550
2024-01-20,レタス,静岡,224,163676
2024-01-20,レタス,香川,201,47622
2024-01-22,レタス,福岡,318,16706
2024-01-22,レタス,総計,221,218318
2024-01-22,レタス,茨城,259,17090
2024-01-22,レタス,長崎,153,32445
2024-01-22,レタス,静岡,218,65060
2024-01-22,レタス,香川,194,37355
2024-01-23,レタス,兵庫,264,15129
2024-01-23,レタス,福岡,340,17412
2024-01-23,レタス,総計,236,267479
2024-01-23,レタス,長崎,136,25555
2024-01-23,レタス,静岡,239,95073
2024-01-23,レタス,香川,213,68345
2024-01-25,レタス,兵庫,245,16200
2024-01-25,レタス,総計,218,347942
2024-01-25,レタス,茨城,250,18939
2024-01-25,レタス,長崎,156,46430
2024-01-25,レタス,静岡,217,169956
2024-01-25,レタス,香川,193,31182
2024-01-26,レタス,兵庫,238,16283
2024-01-26,レタス,総計,214,312108
2024-01-26,レタス,茨城,275,18276
2024-01-26,レタス,長崎,152,20590
2024-01-26,レタス,静岡,198,152064
2024-01-26,レタス,香川,193,42750
2024-01-27,レタス,兵庫,238,26410
2024-01-27,レタス,福岡,349,15212
2024-01-27,レタス,総計,214,317648
2024-01-27,レタス,長崎,143,34492
2024-01-27,レタス,静岡,199,132852
2024-01-27,レタス,香川,199,46671
2024-01-29,レタス,福岡,327,21371
2024-01-29,レタス,総計,212,283927
2024-01-29,レタス,茨城,238,19021
2024-01-29,レタス,長崎,157,34958
2024-01-29,レタス,静岡,202,114211
2024-01-29,レタス,香川,189,40356
2024-01-30,レタス,兵庫,256,25830
2024-01-30,レタス,総計,222,313189
2024-01-30,レタス,茨城,241,22145
2024-01-30,レタス,長崎,146,19925
2024-01-30,レタス,静岡,202,128256
2024-01-30,レタス,香川,204,51422
2024-02-01,レタス,千葉,255,17946
2024-02-01,レタス,総計,210,344869
2024-02-01,レタス,茨城,206,25110
2024-02-01,レタス,長崎,160,49417
2024-02-01,レタス,静岡,203,145631
2024-02-01,レタス,香川,201,44823
2024-02-02,レタス,千葉,259,15350
2024-02-02,レタス,総計,217,307125
2024-02-02,レタス,茨城,246,27213
2024-02-02,レタス,長崎,144,19565
2024-02-02,レタス,静岡,210,129098
2024-02-02,レタス,香川,196,56452
2024-02-03,レタス,千葉,278,18185
2024-02-03,レタス,総計,220,272450
2024-02-03,レタス,茨城,243,30720
2024-02-03,レタス,長崎,146,32025
2024-02-03,レタス,静岡,205,86045
2024-02-03,レタス,香川,193,47759
2024-02-05,レタス,兵庫,243,19400
2024-02-05,レタス,総計,225,265399
2024-02-05,レタス,茨城,234,32558
2024-02-05,レタス,長崎,160,31245
2024-02-05,レタス,静岡,211,80248
2024-02-05,レタス,香川,196,41659
2024-02-06,レタス,千葉,290,9512
2024-02-06,レタス,福岡,348,14862
2024-02-06,レタス,総計,235,155187
2024-02-06,レタス,茨城,258,37537
2024-02-06,レタス,長崎,151,23295
2024-02-06,レタス,香川,204,43295
2024-02-08,レタス,兵庫,251,23065
2024-02-08,レタス,福岡,352,22568
2024-02-08,レタス,総計,232,310219
2024-02-08,レタス,長崎,151,48113
2024-02-08,レタス,静岡,215,121758
2024-02-08,レタス,香川,201,32523
2024-02-09,レタス,福岡,332,17962
2024-02-09,レタス,総計,232,221197
2024-02-09,レタス,茨城,248,26541
2024-02-09,レタス,長崎,157,15882
2024-02-09,レタス,静岡,217,82313
2024-02-09,レタス,香川,201,24460
2024-02-10,レタス,福岡,335,20639
2024-02-10,レタス,総計,227,281082
2024-02-10,レタス,茨城,236,44263
2024-02-10,レタス,長崎,146,33490
2024-02-10,レタス,静岡,219,91988
2024-02-10,レタス,香川,209,42506
2024-02-13,レタス,福岡,317,28463
2024-02-13,レタス,総計,219,441358
2024-02-13,レタス,茨城,226,72276
2024-02-13,レタス,長崎,144,51785
2024-02-13,レタス,静岡,222,136350
2024-02-13,レタス,香川,207,63730
2024-02-15,レタス,福岡,320,18889
2024-02-15,レタス,総計,214,365505
2024-02-15,レタス,茨城,211,64795
2024-02-15,レタス,長崎,156,44860
2024-02-15,レタス,静岡,213,121511
2024-02-15,レタス,香川,201,41976
2024-02-16,レタス,福岡,344,17628
2024-02-16,レタス,総計,218,246804
2024-02-16,レタス,茨城,211,65348
2024-02-16,レタス,長崎,149,17400
2024-02-16,レタス,静岡,211,58362
2024-02-16,レタス,香川,195,30092
2024-02-17,レタス,福岡,321,18015
2024-02-17,レタス,総計,214,283294
2024-02-17,レタス,茨城,208,64032
2024-02-17,レタス,長崎,141,39030
2024-02-17,レタス,静岡,205,75679
2024-02-17,レタス,香川,194,31574
2024-02-19,レタス,福岡,318,17291
2024-02-19,レタス,総計,209,310218
2024-02-19,レタス,茨城,203,84841
2024-02-19,レタス,長崎,154,29157
2024-02-19,レタス,静岡,202,91216
2024-02-19,レタス,香川,192,35985
2024-02-20,レタス,福岡,326,17239
2024-02-20,レタス,総計,210,312917
2024-02-20,レタス,茨城,194,104058
2024-02-20,レタス,長崎,139,21425
2024-02-20,レタス,静岡,202,73353
2024-02-20,レタス,香川,180,36823
2024-02-22,レタス,兵庫,210,16000
2024-02-22,レタス,総計,188,377571
2024-02-22,レタス,茨城,178,125197
2024-02-22,レタス,長崎,147,40870
2024-02-22,レタス,静岡,179,90023
2024-02-22,レタス,香川,175,34154
2024-02-23,レタス,福岡,323,12620
2024-02-23,レタス,総計,193,226687
2024-02-23,レタス,茨城,195,70714
2024-02-23,レタス,長崎,163,11225
2024-02-23,レタス,静岡,169,71330
2024-02-23,レタス,香川,165,18854
2024-02-24,レタス,福岡,323,15393
2024-02-24,レタス,総計,186,242848
2024-02-24,レタス,茨城,182,51694
2024-02-24,レタス,長崎,138,30795
2024-02-24,レタス,静岡,165,61457
2024-02-24,レタス,香川,162,48492
2024-02-26,レタス,福岡,290,19786
2024-02-26,レタス,総計,175,322086
2024-02-26,レタス,茨城,160,125920
2024-02-26,レタス,長崎,148,31675
2024-02-26,レタス,静岡,167,67117
2024-02-26,レタス,香川,152,28201
2024-02-27,レタス,総計,171,313925
2024-02-27,レタス,茨城,161,115508
2024-02-27,レタス,長崎,131,21950
2024-02-27,レタス,静岡,155,80666
2024-02-27,レタス,香川,150,33706
2024-02-29,レタス,福岡,287,22443
2024-02-29,レタス,総計,156,421178
2024-02-29,レタス,茨城,147,118471
2024-02-29,レタス,長崎,150,38120
2024-02-29,レタス,静岡,134,119526
2024-02-29,レタス,香川,140,48636
2024-03-01,レタス,福岡,274,20184
2024-03-01,レタス,総計,166,284774
2024-03-01,レタス,茨城,158,97911
2024-03-01,レタス,長崎,146,18340
2024-03-01,レタス,静岡,140,60703
2024-03-01,レタス,香川,131,33630
2024-03-02,レタス,総計,164,322583
2024-03-02,レタス,茨城,156,113995
2024-03-02,レタス,長崎,142,29455
2024-03-02,レタス,静岡,155,70065
2024-03-02,レタス,香川,134,46650
2024-03-04,レタス,福岡,275,17513
2024-03-04,レタス,総計,165,276970
2024-03-04,レタス,茨城,172,67094
2024-03-04,レタス,長崎,149,30220
2024-03-04,レタス,静岡,145,67093
2024-03-04,レタス,香川,136,47775
2024-03-05,レタス,福岡,293,17167
2024-03-05,レタス,総計,183,282563
2024-03-05,レタス,茨城,182,111303
2024-03-05,レタス,長崎,146,16960
2024-03-05,レタス,静岡,164,44317
2024-03-05,レタス,香川,147,44456
2024-03-07,レタス,福岡,301,17667
2024-03-07,レタス,総計,205,268965
2024-03-07,レタス,茨城,210,88783
2024-03-07,レタス,長崎,155,32435
2024-03-07,レタス,静岡,187,56939
2024-03-07,レタス,香川,168,34510
2024-03-08,レタス,熊本,144,13590
2024-03-08,レタス,総計,211,171392
2024-03-08,レタス,茨城,236,49528
2024-03-08,レタス,長崎,107,15815
2024-03-08,レタス,静岡,194,24939
2024-03-08,レタス,香川,181,20694
2024-03-09,レタス,福岡,305,16536
2024-03-09,レタス,総計,222,247778
2024-03-09,レタス,茨城,220,103381
2024-03-09,レタス,長崎,146,22545
2024-03-09,レタス,静岡,196,40495
2024-03-09,レタス,香川,187,22372
2024-03-11,レタス,福岡,300,18884
2024-03-11,レタス,総計,213,307043
2024-03-11,レタス,茨城,217,163992
2024-03-11,レタス,長崎,135,20280
2024-03-11,レタス,静岡,186,33036
2024-03-11,レタス,香川,190,26635
2024-03-12,レタス,福岡,310,14184
2024-03-12,レタス,総計,228,229298
2024-03-12,レタス,茨城,225,124877
2024-03-12,レタス,静岡,191,24220
2024-03-12,レタス,香川,193,21317
2024-03-14,レタス,福岡,321,15255
2024-03-14,レタス,総計,239,205222
2024-03-14,レタス,茨城,238,90064
2024-03-14,レタス,長崎,158,20380
2024-03-14,レタス,静岡,219,31570
2024-03-14,レタス,香川,208,20515
2024-03-15,レタス,兵庫,279,9530
2024-03-15,レタス,福岡,331,13248
2024-03-15,レタス,総計,256,199943
2024-03-15,レタス,茨城,258,98973
2024-03-15,レタス,静岡,228,26204
2024-03-15,レタス,香川,217,12009
2024-03-16,レタス,福岡,329,13751
2024-03-16,レタス,総計,266,255236
2024-03-16,レタス,茨城,278,126035
2024-03-16,レタス,長崎,173,22320
2024-03-16,レタス,静岡,242,25578
2024-03-16,レタス,香川,220,17362
2024-03-18,レタス,福岡,348,18233
2024-03-18,レタス,総計,263,293397
2024-03-18,レタス,茨城,268,140872
2024-03-18,レタス,長崎,192,22905
2024-03-18,レタス,静岡,242,42542
2024-03-18,レタス,香川,236,25155
2024-03-19,レタス,兵庫,308,13330
2024-03-19,レタス,総計,272,238163
2024-03-19,レタス,茨城,277,126911
2024-03-19,レタス,長崎,173,17680
2024-03-19,レタス,静岡,260,18460
2024-03-19,レタス,香川,236,15628
2024-03-21,レタス,兵庫,316,19040
2024-03-21,レタス,総計,285,247069
2024-03-21,レタス,茨城,286,128124
2024-03-21,レタス,長崎,193,17015
2024-03-21,レタス,静岡,261,18123
2024-03-21,レタス,香川,257,20046
2024-03-22,レタス,兵庫,322,19390
2024-03-22,レタス,福岡,375,15300
2024-03-22,レタス,総計,296,205610
2024-03-22,レタス,茨城,301,97008
2024-03-22,レタス,長崎,228,23705
2024-03-22,レタス,静岡,281,16577
2024-03-23,レタス,兵庫,359,16350
2024-03-23,レタス,福岡,404,15338
2024-03-23,レタス,総計,310,231557
2024-03-23,レタス,茨城,305,114875
2024-03-23,レタス,長崎,225,17035
2024-03-23,レタス,静岡,290,19421
2024-03-25,レタス,福岡,406,12949
2024-03-25,レタス,総計,334,188560
2024-03-25,レタス,茨城,333,89383
2024-03-25,レタス,長崎,263,26890
2024-03-25,レタス,静岡,342,12690
2024-03-25,レタス,香川,298,16389
2024-03-26,レタス,福岡,448,9949
2024-03-26,レタス,総計,380,160999
2024-03-26,レタス,茨城,393,99221
2024-03-26,レタス,静岡,389,8966
2024-03-26,レタス,香川,297,14561
2024-03-28,レタス,兵庫,457,13690
2024-03-28,レタス,福岡,588,14099
2024-03-28,レタス,総計,401,169692
2024-03-28,レタス,茨城,409,74365
2024-03-28,レタス,長崎,237,21520
2024-03-28,レタス,香川,328,16553
2024-03-29,レタス,兵庫,399,24200
2024-03-29,レタス,福岡,520,15028
2024-03-29,レタス,総計,374,222355
2024-03-29,レタス,茨城,355,113835
2024-03-29,レタス,長崎,339,15355
2024-03-29,レタス,静岡,334,11038
2024-03-30,レタス,兵庫,382,24650
2024-03-30,レタス,福岡,496,17701
2024-03-30,レタス,総計,353,247291
2024-03-30,レタス,茨城,320,114593
2024-03-30,レタス,長崎,358,38930
2024-03-30,レタス,静岡,300,13481
2024-04-01,レタス,兵庫,296,25170
2024-04-01,レタス,福岡,502,17664
2024-04-01,レタス,総計,309,255007
2024-04-01,レタス,茨城,289,133700
2024-04-01,レタス,長崎,309,15335
2024-04-01,レタス,香川,273,19347
2024-04-02,レタス,兵庫,295,20770
2024-04-02,レタス,福岡,490,17337
2024-04-02,レタス,総計,303,234251
2024-04-02,レタス,茨城,291,132436
2024-04-02,レタス,長崎,298,11575
2024-04-02,レタス,香川,256,15187
2024-04-04,レタス,兵庫,298,27050
2024-04-04,レタス,福岡,478,23015
2024-04-04,レタス,総計,308,264474
2024-04-04,レタス,茨城,286,143658
2024-04-04,レタス,香川,232,23437
2024-04-05,レタス,兵庫,283,34720
2024-04-05,レタス,福岡,480,19645
2024-04-05,レタス,総計,317,227206
2024-04-05,レタス,茨城,304,124827
2024-04-05,レタス,長崎,332,21005
2024-04-06,レタス,兵庫,275,28020
2024-04-06,レタス,総計,293,272059
2024-04-06,レタス,茨城,278,178433
2024-04-06,レタス,長崎,275,17150
2024-04-08,レタス,兵庫,240,30714
2024-04-08,レタス,総計,266,263376
2024-04-08,レタス,茨城,240,174691
2024-04-08,レタス,香川,192,15250
2024-04-09,レタス,兵庫,223,54220
2024-04-09,レタス,総計,258,324103
2024-04-09,レタス,茨城,247,222003
2024-04-11,レタス,兵庫,237,27840
2024-04-11,レタス,総計,279,237310
2024-04-11,レタス,茨城,255,145720
2024-04-11,レタス,香川,208,20171
2024-04-12,レタス,兵庫,215,46780
2024-04-12,レタス,福岡,521,17315
2024-04-12,レタス,総計,245,277679
2024-04-12,レタス,茨城,221,175219
2024-04-13,レタス,兵庫,230,38250
2024-04-13,レタス,総計,250,269151
2024-04-13,レタス,茨城,228,177923
2024-04-15,レタス,兵庫,244,43550
2024-04-15,レタス,栃木,205,13520
2024-04-15,レタス,総計,257,293927
2024-04-15,レタス,茨城,243,186351
2024-04-16,レタス,兵庫,268,39612
2024-04-16,レタス,総計,285,273331
2024-04-16,レタス,茨城,277,189351
2024-04-18,レタス,兵庫,273,47200
2024-04-18,レタス,総計,279,291042
2024-04-18,レタス,群馬,174,15452
2024-04-18,レタス,茨城,263,177719
2024-04-19,レタス,兵庫,271,25700
2024-04-19,レタス,総計,270,254910
2024-04-19,レタス,群馬,152,19312
2024-04-19,レタス,茨城,262,170214
2024-04-20,レタス,兵庫,263,22830
2024-04-20,レタス,総計,282,257628
2024-04-20,レタス,群馬,156,17120
2024-04-20,レタス,茨城,278,179800
2024-04-22,レタス,兵庫,301,14920
2024-04-22,レタス,総計,287,228129
2024-04-22,レタス,群馬,162,22538
2024-04-22,レタス,茨城,286,155616
2024-04-23,レタス,兵庫,301,11000
2024-04-23,レタス,総計,311,232436
2024-04-23,レタス,群馬,178,24226
2024-04-23,レタス,茨城,313,157031
2024-04-25,レタス,兵庫,301,29970
2024-04-25,レタス,福岡,492,12925
2024-04-25,レタス,総計,299,271397
2024-04-25,レタス,群馬,158,50060
2024-04-25,レタス,茨城,299,136439
2024-04-26,レタス,兵庫,291,18650
2024-04-26,レタス,総計,294,189247
2024-04-26,レタス,群馬,167,34054
2024-04-26,レタス,茨城,276,97828
2024-04-26,レタス,長野,554,13850
2024-04-27,レタス,兵庫,309,16370
2024-04-27,レタス,総計,297,273148
2024-04-27,レタス,群馬,153,54796
2024-04-27,レタス,茨城,286,139792
2024-04-27,レタス,長野,576,18719
2024-04-30,レタス,総計,232,450791
2024-04-30,レタス,群馬,131,102270
2024-04-30,レタス,茨城,226,219436
2024-04-30,レタス,長野,360,65728
2024-05-01,レタス,総計,200,226860
2024-05-01,レタス,群馬,118,55012
2024-05-01,レタス,茨城,192,116922
2024-05-01,レタス,長野,317,30141
2024-05-02,レタス,総計,212,275392
2024-05-02,レタス,群馬,118,62204
2024-05-02,レタス,茨城,205,107068
2024-05-02,レタス,長野,284,56161
2024-05-06,レタス,総計,174,664445
2024-05-06,レタス,群馬,117,195398
2024-05-06,レタス,茨城,169,184328
2024-05-06,レタス,長野,237,180272
2024-05-07,レタス,総計,168,292183
2024-05-07,レタス,群馬,107,64376
2024-05-07,レタス,茨城,139,97522
2024-05-07,レタス,長野,224,95855
2024-05-09,レタス,総計,160,368052
2024-05-09,レタス,群馬,114,99764
2024-05-09,レタス,茨城,143,79950
2024-05-09,レタス,長野,202,140194
2024-05-10,レタス,総計,159,303438
2024-05-10,レタス,群馬,113,76786
2024-05-10,レタス,茨城,127,83063
2024-05-10,レタス,長野,210,109893
2024-05-11,レタス,総計,167,258277
2024-05-11,レタス,群馬,122,84100
2024-05-11,レタス,茨城,145,69897
2024-05-11,レタス,長野,226,78949
2024-05-13,レタス,総計,174,326987
2024-05-13,レタス,群馬,126,120572
2024-05-13,レタス,茨城,149,65311
2024-05-13,レタス,長野,230,114507
2024-05-14,レタス,総計,183,229978
2024-05-14,レタス,群馬,119,92772
2024-05-14,レタス,茨城,176,47942
2024-05-14,レタス,長野,240,72030
2024-05-16,レタス,総計,180,365202
2024-05-16,レタス,群馬,122,125446
2024-05-16,レタス,茨城,161,48827
2024-05-16,レタス,長野,224,156883
2024-05-17,レタス,総計,182,272801
2024-05-17,レタス,群馬,123,105384
2024-05-17,レタス,茨城,168,45008
2024-05-17,レタス,長野,234,106210
2024-05-18,レタス,総計,191,267538
2024-05-18,レタス,群馬,126,82472
2024-05-18,レタス,茨城,159,46564
2024-05-18,レタス,長野,236,113523
2024-05-20,レタス,総計,201,304779
2024-05-20,レタス,群馬,145,105740
2024-05-20,レタス,茨城,173,44934
2024-05-20,レタス,長野,250,124136
2024-05-21,レタス,総計,214,255138
2024-05-21,レタス,群馬,145,82796
2024-05-21,レタス,茨城,205,38629
2024-05-21,レタス,長野,259,101034
2024-05-23,レタス,総計,191,395959
2024-05-23,レタス,群馬,140,134066
2024-05-23,レタス,長野,223,199109
2024-05-24,レタス,総計,175,273872
2024-05-24,レタス,群馬,119,80346
2024-05-24,レタス,長野,195,157631
2024-05-25,レタス,総計,175,285050
2024-05-25,レタス,群馬,119,77670
2024-05-25,レタス,長野,187,166238
2024-05-27,レタス,総計,163,367439
2024-05-27,レタス,群馬,122,101232
2024-05-27,レタス,長野,177,230910
2024-05-28,レタス,総計,162,260515
2024-05-28,レタス,群馬,102,55576
2024-05-28,レタス,長野,170,172317
2024-05-30,レタス,総計,141,357073
2024-05-30,レタス,群馬,113,120858
2024-05-30,レタス,長野,148,208072
2024-05-31,レタス,総計,137,318267
2024-05-31,レタス,群馬,106,86846
2024-05-31,レタス,長野,146,188654
2024-06-01,レタス,総計,136,290066
2024-06-01,レタス,群馬,105,66068
2024-06-01,レタス,長野,135,191399
2024-06-03,レタス,総計,133,368667
2024-06-03,レタス,群馬,102,106280
2024-06-03,レタス,長野,135,243905
2024-06-04,レタス,総計,137,278798
2024-06-04,レタス,群馬,89,56384
2024-06-04,レタス,長野,137,207669
2024-06-06,レタス,総計,121,447014
2024-06-06,レタス,群馬,109,143601
2024-06-06,レタス,長野,119,283206
2024-06-07,レタス,総計,133,243403
2024-06-07,レタス,群馬,93,57401
2024-06-07,レタス,長野,133,168387
2024-06-08,レタス,総計,139,249126
2024-06-08,レタス,群馬,97,51158
2024-06-08,レタス,長野,138,176603
2024-06-10,レタス,総計,134,374836
2024-06-10,レタス,群馬,110,101594
2024-06-10,レタス,長野,136,255412
2024-06-11,レタス,総計,147,262295
2024-06-11,レタス,群馬,100,45425
2024-06-11,レタス,長野,145,202281
2024-06-13,レタス,総計,126,473095
2024-06-13,レタス,群馬,101,139297
2024-06-13,レタス,長野,130,318084
2024-06-14,レタス,総計,136,261881
2024-06-14,レタス,群馬,107,49246
2024-06-14,レタス,長野,135,198101
2024-06-15,レタス,総計,128,308834
2024-06-15,レタス,群馬,81,51344
2024-06-15,レタス,長野,129,238745
2024-06-17,レタス,総計,125,442715
2024-06-17,レタス,群馬,99,85442
2024-06-17,レタス,長野,126,341573
2024-06-18,レタス,総計,133,281437
2024-06-18,レタス,長野,133,226925
2024-06-20,レタス,総計,118,418299
2024-06-20,レタス,群馬,79,83354
2024-06-20,レタス,長野,121,319865
2024-06-21,レタス,総計,122,301373
2024-06-21,レタス,群馬,75,49388
2024-06-21,レタス,長野,123,240652
2024-06-22,レタス,総計,122,287412
2024-06-22,レタス,群馬,65,50042
2024-06-22,レタス,長野,123,224478
2024-06-24,レタス,総計,122,383416
2024-06-24,レタス,群馬,79,70848
2024-06-24,レタス,長野,125,299041
2024-06-25,レタス,総計,130,270670
2024-06-25,レタス,群馬,71,48855
2024-06-25,レタス,長野,133,210454
2024-06-27,レタス,総計,122,428012
2024-06-27,レタス,長野,125,345849
2024-06-28,レタス,総計,128,306419
2024-06-28,レタス,群馬,83,52657
2024-06-28,レタス,長野,129,242046
2024-06-29,レタス,総計,124,299957
2024-06-29,レタス,群馬,75,49418
2024-06-29,レタス,長野,124,236333
2024-07-01,レタス,総計,120,497602
2024-07-01,レタス,長野,123,418497
2024-07-02,レタス,総計,126,321591
2024-07-02,レタス,長野,129,268829
2024-07-04,レタス,総計,120,471066
2024-07-04,レタス,長野,120,398896
2024-07-05,レタス,総計,123,347502
2024-07-05,レタス,長野,125,294256
2024-07-06,レタス,総計,123,318915
2024-07-06,レタス,長野,126,266936
2024-07-08,レタス,総計,126,432323
2024-07-08,レタス,長野,132,354129
2024-07-09,レタス,総計,137,286847
2024-07-09,レタス,長野,139,238411
2024-07-11,レタス,総計,134,433708
2024-07-11,レタス,長野,136,357671
2024-07-12,レタス,総計,149,300052
2024-07-12,レタス,長野,153,244949
2024-07-13,レタス,総計,160,276782
2024-07-13,レタス,群馬,81,46386
2024-07-13,レタス,長野,164,219015
2024-07-16,レタス,総計,148,709327
2024-07-16,レタス,長野,156,573436
2024-07-18,レタス,総計,150,483189
2024-07-18,レタス,長野,152,405250
2024-07-19,レタス,総計,152,323001
2024-07-19,レタス,長野,155,277195
2024-07-20,レタス,総計,159,303775
2024-07-20,レタス,長野,158,260945
2024-07-22,レタス,総計,158,515747
2024-07-22,レタス,長野,163,441735
2024-07-23,レタス,総計,165,338100
2024-07-23,レタス,長野,164,301575
2024-07-25,レタス,総計,161,493789
2024-07-25,レタス,長野,162,436266
2024-07-26,レタス,総計,167,322299
2024-07-26,レタス,長野,167,289373
2024-07-27,レタス,総計,172,345305
2024-07-27,レタス,長野,169,316363
2024-07-29,レタス,総計,173,466920
2024-07-29,レタス,長野,173,420649
2024-07-30,レタス,総計,205,286501
2024-07-30,レタス,長野,202,261823
2024-08-01,レタス,総計,207,415989
2024-08-01,レタス,長野,209,370340
2024-08-02,レタス,総計,221,280949
2024-08-02,レタス,長野,224,248288
2024-08-03,レタス,総計,232,269949
2024-08-03,レタス,長野,235,235733
2024-08-05,レタス,総計,228,501340
2024-08-05,レタス,長野,233,446859
2024-08-06,レタス,総計,225,313857
2024-08-06,レタス,長野,225,281559
2024-08-08,レタス,総計,194,505946
2024-08-08,レタス,長野,196,448180
2024-08-09,レタス,総計,175,338249
2024-08-09,レタス,長野,172,295471
2024-08-10,レタス,総計,176,357799
2024-08-10,レタス,長野,171,316558
2024-08-12,レタス,総計,160,554445
2024-08-12,レタス,長野,158,507775
2024-08-13,レタス,総計,177,344348
2024-08-13,レタス,長野,169,318605
2024-08-17,レタス,総計,153,1008566
2024-08-17,レタス,長野,154,902791
2024-08-19,レタス,総計,149,603098
2024-08-19,レタス,長野,148,541043
2024-08-20,レタス,総計,174,344653
2024-08-20,レタス,長野,170,312167
2024-08-22,レタス,総計,164,534425
2024-08-22,レタス,長野,164,471998
2024-08-23,レタス,総計,179,367386
2024-08-23,レタス,長野,181,317342
2024-08-24,レタス,総計,184,369138
2024-08-24,レタス,長野,182,326419
2024-08-26,レタス,総計,193,535646
2024-08-26,レタス,長野,199,452325
2024-08-27,レタス,総計,218,347001
2024-08-27,レタス,長野,225,290931
2024-08-29,レタス,総計,217,566095
2024-08-29,レタス,長野,224,469500
2024-08-30,レタス,総計,240,310848
2024-08-30,レタス,長野,248,260344
2024-08-31,レタス,総計,235,312698
2024-08-31,レタス,長野,240,269935
2024-09-02,レタス,総計,232,513858
2024-09-02,レタス,長野,243,434206
2024-09-03,レタス,総計,264,319210
2024-09-03,レタス,長野,270,274821
2024-09-05,レタス,総計,253,477777
2024-09-05,レタス,長野,266,387181
2024-09-06,レタス,総計,294,278403
2024-09-06,レタス,群馬,161,51616
2024-09-06,レタス,長野,314,222195
2024-09-07,レタス,総計,314,279957
2024-09-07,レタス,長野,331,228549
2024-09-09,レタス,総計,324,480341
2024-09-09,レタス,長野,344,399042
2024-09-10,レタス,総計,354,300824
2024-09-10,レタス,長野,369,253229
2024-09-12,レタス,総計,352,521836
2024-09-12,レタス,長野,366,433558
2024-09-13,レタス,総計,354,314778
2024-09-13,レタス,長野,368,261186
2024-09-14,レタス,総計,342,322428
2024-09-14,レタス,長野,348,264327
2024-09-17,レタス,総計,304,731803
2024-09-17,レタス,長野,312,635774
2024-09-18,レタス,総計,286,272491
2024-09-18,レタス,長野,292,222497
2024-09-19,レタス,総計,283,266591
2024-09-19,レタス,長野,287,221342
2024-09-20,レタス,総計,265,279073
2024-09-20,レタス,群馬,175,45976
2024-09-20,レタス,長野,272,222907
2024-09-21,レタス,総計,265,298052
2024-09-21,レタス,長野,265,240913
2024-09-24,レタス,総計,245,690238
2024-09-24,レタス,長野,248,566119
2024-09-25,レタス,総計,251,289621
2024-09-25,レタス,群馬,177,40166
2024-09-25,レタス,長野,255,223479
2024-09-26,レタス,総計,247,282983
2024-09-26,レタス,長野,243,226629
2024-09-27,レタス,総計,247,291009
2024-09-27,レタス,群馬,179,45832
2024-09-27,レタス,長野,254,221017
2024-09-28,レタス,総計,259,307033
2024-09-28,レタス,群馬,187,38368
2024-09-28,レタス,長野,261,226037
2024-09-30,レタス,総計,250,449893
2024-09-30,レタス,群馬,178,52387
2024-09-30,レタス,長野,255,332739
2024-10-01,レタス,総計,251,327561
2024-10-01,レタス,茨城,222,77244
2024-10-01,レタス,長野,261,209038
2024-10-03,レタス,総計,240,468453
2024-10-03,レタス,茨城,212,93650
2024-10-03,レタス,長野,247,310152
2024-10-04,レタス,総計,238,301713
2024-10-04,レタス,茨城,222,92257
2024-10-04,レタス,長野,246,162586
2024-10-05,レタス,総計,245,298212
2024-10-05,レタス,茨城,226,111017
2024-10-05,レタス,長野,256,151353
2024-10-07,レタス,総計,240,415719
2024-10-07,レタス,茨城,220,129248
2024-10-07,レタス,長野,245,246436
2024-10-08,レタス,総計,244,318820
2024-10-08,レタス,茨城,224,153854
2024-10-08,レタス,長野,255,135981
2024-10-10,レタス,総計,245,343609
2024-10-10,レタス,茨城,226,138445
2024-10-10,レタス,長野,249,175066
2024-10-11,レタス,総計,266,215101
2024-10-11,レタス,茨城,230,98702
2024-10-11,レタス,長野,294,90895
2024-10-12,レタス,総計,255,304231
2024-10-12,レタス,茨城,227,184634
2024-10-12,レタス,長野,288,95941
2024-10-15,レタス,総計,277,435714
2024-10-15,レタス,茨城,258,258167
2024-10-15,レタス,長野,302,126419
2024-10-16,レタス,総計,332,220731
2024-10-16,レタス,茨城,323,138487
2024-10-16,レタス,長野,347,51396
2024-10-17,レタス,総計,364,187255
2024-10-17,レタス,茨城,353,123831
2024-10-17,レタス,長野,371,35433
2024-10-18,レタス,総計,379,222867
2024-10-18,レタス,茨城,374,167127
2024-10-18,レタス,長野,369,29382
2024-10-19,レタス,総計,336,302375
2024-10-19,レタス,茨城,321,230838
2024-10-19,レタス,長野,384,37559
2024-10-21,レタス,総計,297,350159
2024-10-21,レタス,茨城,278,250714
2024-10-21,レタス,長野,378,33187
2024-10-22,レタス,総計,273,300593
2024-10-22,レタス,茨城,258,237879
2024-10-22,レタス,長野,347,23648
2024-10-24,レタス,栃木,194,33470
2024-10-24,レタス,総計,240,384712
2024-10-24,レタス,茨城,225,301370
2024-10-25,レタス,総計,234,250153
2024-10-25,レタス,茨城,220,199515
2024-10-25,レタス,長野,286,16118
2024-10-26,レタス,総計,228,336638
2024-10-26,レタス,茨城,217,288074
2024-10-28,レタス,総計,221,368371
2024-10-28,レタス,茨城,212,308535
2024-10-29,レタス,総計,229,284033
2024-10-29,レタス,茨城,215,253934
2024-10-31,レタス,総計,223,343073
2024-10-31,レタス,茨城,212,286413
2024-11-01,レタス,総計,231,223199
2024-11-01,レタス,茨城,216,196003
2024-11-02,レタス,総計,235,305341
2024-11-02,レタス,茨城,224,265107
2024-11-05,レタス,総計,231,448744
2024-11-05,レタス,茨城,222,386362
2024-11-06,レタス,総計,225,267086
2024-11-06,レタス,茨城,214,232937
2024-11-07,レタス,総計,223,253927
2024-11-07,レタス,茨城,208,211473
2024-11-08,レタス,総計,219,262878
2024-11-08,レタス,茨城,209,223402
2024-11-09,レタス,総計,223,257824
2024-11-09,レタス,茨城,211,220978
2024-11-11,レタス,栃木,217,20800
2024-11-11,レタス,総計,232,266884
2024-11-11,レタス,茨城,219,210889
2024-11-12,レタス,総計,240,266011
2024-11-12,レタス,茨城,227,205223
2024-11-12,レタス,香川,231,12000
2024-11-14,レタス,栃木,230,10880
2024-11-14,レタス,総計,257,233673
2024-11-14,レタス,茨城,242,177071
2024-11-15,レタス,福岡,327,16536
2024-11-15,レタス,総計,253,229488
2024-11-15,レタス,茨城,240,170885
2024-11-16,レタス,千葉,460,9520
2024-11-16,レタス,総計,270,240836
2024-11-16,レタス,茨城,256,183185
2024-11-18,レタス,総計,280,252550
2024-11-18,レタス,茨城,266,197142
2024-11-18,レタス,静岡,264,13322
2024-11-19,レタス,総計,295,266334
2024-11-19,レタス,茨城,284,214376
2024-11-21,レタス,兵庫,370,19180
2024-11-21,レタス,総計,317,241520
2024-11-21,レタス,茨城,294,165372
2024-11-21,レタス,静岡,327,18520
2024-11-22,レタス,兵庫,384,18850
2024-11-22,レタス,総計,334,197934
2024-11-22,レタス,茨城,318,117309
2024-11-22,レタス,静岡,321,17300
2024-11-22,レタス,香川,320,11194
2024-11-25,レタス,兵庫,388,26865
2024-11-25,レタス,総計,336,344901
2024-11-25,レタス,茨城,324,211946
2024-11-25,レタス,静岡,342,30770
2024-11-25,レタス,香川,335,18453
2024-11-26,レタス,兵庫,387,19525
2024-11-26,レタス,総計,353,199787
2024-11-26,レタス,茨城,343,108710
2024-11-26,レタス,長崎,237,13510
2024-11-26,レタス,静岡,347,19055
2024-11-28,レタス,兵庫,416,11440
2024-11-28,レタス,総計,355,203141
2024-11-28,レタス,茨城,348,94528
2024-11-28,レタス,長崎,227,28980
2024-11-28,レタス,静岡,380,34207
2024-11-29,レタス,兵庫,436,15630
2024-11-29,レタス,総計,377,189914
2024-11-29,レタス,茨城,378,81932
2024-11-29,レタス,長崎,271,25950
2024-11-29,レタス,静岡,394,30141
2024-11-30,レタス,兵庫,443,20290
2024-11-30,レタス,総計,388,202940
2024-11-30,レタス,茨城,385,93673
2024-11-30,レタス,長崎,267,24528
2024-11-30,レタス,静岡,404,33038
2024-12-02,レタス,兵庫,499,21360
2024-12-02,レタス,総計,392,218051
2024-12-02,レタス,茨城,426,61710
2024-12-02,レタス,長崎,260,42165
2024-12-02,レタス,静岡,440,41150
2024-12-02,レタス,香川,362,16409
2024-12-03,レタス,兵庫,492,25550
2024-12-03,レタス,総計,430,187141
2024-12-03,レタス,茨城,466,68477
2024-12-03,レタス,長崎,250,20413
2024-12-03,レタス,静岡,453,26007
2024-12-03,レタス,香川,350,12999
2024-12-05,レタス,兵庫,516,20705
2024-12-05,レタス,総計,410,228476
2024-12-05,レタス,茨城,444,48742
2024-12-05,レタス,長崎,251,42070
2024-12-05,レタス,静岡,460,45063
2024-12-05,レタス,香川,389,22344
2024-12-06,レタス,兵庫,518,23465
2024-12-06,レタス,熊本,244,15752
2024-12-06,レタス,総計,417,184810
2024-12-06,レタス,茨城,441,39789
2024-12-06,レタス,長崎,227,20918
2024-12-06,レタス,静岡,463,41469
2024-12-07,レタス,兵庫,524,26755
2024-12-07,レタス,総計,414,238804
2024-12-07,レタス,茨城,417,51960
2024-12-07,レタス,長崎,256,38665
2024-12-07,レタス,静岡,463,54427
2024-12-07,レタス,香川,376,27367
2024-12-09,レタス,兵庫,482,40235
2024-12-09,レタス,総計,393,259244
2024-12-09,レタス,茨城,441,34134
2024-12-09,レタス,長崎,291,53635
2024-12-09,レタス,静岡,416,54538
2024-12-09,レタス,香川,414,21438
2024-12-10,レタス,兵庫,475,17270
2024-12-10,レタス,総計,407,211780
2024-12-10,レタス,茨城,432,46042
2024-12-10,レタス,長崎,287,22190
2024-12-10,レタス,静岡,418,50985
2024-12-10,レタス,香川,381,31476
2024-12-12,レタス,兵庫,464,22850
2024-12-12,レタス,総計,392,240157
2024-12-12,レタス,茨城,465,36223
2024-12-12,レタス,長崎,255,42630
2024-12-12,レタス,静岡,394,64986
2024-12-12,レタス,香川,376,17782
2024-12-13,レタス,兵庫,452,20920
2024-12-13,レタス,総計,391,195498
2024-12-13,レタス,茨城,432,29524
2024-12-13,レタス,長崎,247,17670
2024-12-13,レタス,静岡,393,48905
2024-12-13,レタス,香川,399,28555
2024-12-14,レタス,兵庫,460,16470
2024-12-14,レタス,総計,395,209041
2024-12-14,レタス,茨城,432,31369
2024-12-14,レタス,長崎,242,31908
2024-12-14,レタス,静岡,391,54249
2024-12-14,レタス,香川,397,32043
2024-12-16,レタス,熊本,290,22730
2024-12-16,レタス,総計,393,270077
2024-12-16,レタス,茨城,461,34883
2024-12-16,レタス,長崎,335,52027
2024-12-16,レタス,静岡,391,81960
2024-12-16,レタス,香川,387,24873
2024-12-17,レタス,兵庫,456,26100
2024-12-17,レタス,総計,424,214432
2024-12-17,レタス,茨城,467,31929
2024-12-17,レタス,長崎,319,27891
2024-12-17,レタス,静岡,398,56590
2024-12-17,レタス,香川,404,27012
2024-12-19,レタス,兵庫,457,28280
2024-12-19,レタス,総計,410,262912
2024-12-19,レタス,茨城,469,29401
2024-12-19,レタス,長崎,276,34440
2024-12-19,レタス,静岡,393,93886
2024-12-19,レタス,香川,391,28062
2024-12-20,レタス,兵庫,466,22050
2024-12-20,レタス,総計,416,199414
2024-12-20,レタス,茨城,515,26227
2024-12-20,レタス,長崎,279,26047
2024-12-20,レタス,静岡,403,64698
2024-12-20,レタス,香川,389,15557
2024-12-21,レタス,兵庫,510,23100
2024-12-21,レタス,総計,439,237612
2024-12-21,レタス,茨城,488,29063
2024-12-21,レタス,長崎,292,35422
2024-12-21,レタス,静岡,423,66032
2024-12-21,レタス,香川,431,36357
2024-12-23,レタス,兵庫,553,39470
2024-12-23,レタス,総計,451,288404
2024-12-23,レタス,茨城,554,25280
2024-12-23,レタス,長崎,228,32685
2024-12-23,レタス,静岡,441,74633
2024-12-23,レタス,香川,441,43965
2024-12-24,レタス,兵庫,591,26850
2024-12-24,レタス,総計,505,217139
2024-12-24,レタス,茨城,576,22523
2024-12-24,レタス,長崎,290,17762
2024-12-24,レタス,静岡,498,61995
2024-12-24,レタス,香川,455,37055
2024-12-26,レタス,兵庫,653,37150
2024-12-26,レタス,総計,528,320207
2024-12-26,レタス,茨城,617,26302
2024-12-26,レタス,長崎,336,42635
2024-12-26,レタス,静岡,536,113648
2024-12-26,レタス,香川,458,39296
2024-12-27,レタス,兵庫,672,24800
2024-12-27,レタス,総計,521,206627
2024-12-27,レタス,茨城,599,20095
2024-12-27,レタス,長崎,321,27608
2024-12-27,レタス,静岡,537,58886
2024-12-27,レタス,香川,506,26581
2024-12-28,レタス,兵庫,682,22000
2024-12-28,レタス,総計,536,245524
2024-12-28,レタス,茨城,618,27969
2024-12-28,レタス,長崎,217,30675
2024-12-28,レタス,静岡,552,80134
2024-12-28,レタス,香川,538,38229
2024-12-29,レタス,兵庫,696,50025
2024-12-29,レタス,福岡,710,15774
2024-12-29,レタス,総計,603,238309
2024-12-29,レタス,茨城,660,29521
2024-12-29,レタス,静岡,577,81447
2024-12-29,レタス,香川,529,26397
2025-01-05,レタス,兵庫,589,69275
2025-01-05,レタス,福岡,688,38760
2025-01-05,レタス,総計,491,559279
2025-01-05,レタス,長崎,251,114180
2025-01-05,レタス,静岡,559,149711
2025-01-05,レタス,香川,501,88065
2025-01-06,レタス,兵庫,472,18125
2025-01-06,レタス,総計,439,215159
2025-01-06,レタス,茨城,545,13717
2025-01-06,レタス,長崎,369,60498
2025-01-06,レタス,静岡,399,51870
2025-01-06,レタス,香川,411,23775
2025-01-07,レタス,兵庫,460,14590
2025-01-07,レタス,総計,456,190902
2025-01-07,レタス,茨城,615,16755
2025-01-07,レタス,長崎,344,29404
2025-01-07,レタス,静岡,411,56995
2025-01-07,レタス,香川,366,25382
2025-01-09,レタス,福岡,670,17014
2025-01-09,レタス,総計,416,276839
2025-01-09,レタス,茨城,622,18449
2025-01-09,レタス,長崎,230,42924
2025-01-09,レタス,静岡,408,86735
2025-01-09,レタス,香川,390,38136
2025-01-10,レタス,兵庫,477,14535
2025-01-10,レタス,総計,443,206123
2025-01-10,レタス,茨城,654,19210
2025-01-10,レタス,長崎,225,19062
2025-01-10,レタス,静岡,410,74989
2025-01-10,レタス,香川,379,26655
2025-01-11,レタス,愛知,687,15074
2025-01-11,レタス,総計,412,255120
2025-01-11,レタス,茨城,549,20956
2025-01-11,レタス,長崎,217,34670
2025-01-11,レタス,静岡,401,84260
2025-01-11,レタス,香川,372,41597
2025-01-14,レタス,兵庫,448,22925
2025-01-14,レタス,熊本,253,24362
2025-01-14,レタス,総計,370,347059
2025-01-14,レタス,長崎,207,59620
2025-01-14,レタス,静岡,386,86495
2025-01-14,レタス,香川,365,37408
2025-01-16,レタス,千葉,580,15334
2025-01-16,レタス,熊本,229,13878
2025-01-16,レタス,総計,388,255295
2025-01-16,レタス,長崎,193,36350
2025-01-16,レタス,静岡,386,93927
2025-01-16,レタス,香川,353,30780
2025-01-17,レタス,熊本,217,15988
2025-01-17,レタス,総計,372,205721
2025-01-17,レタス,茨城,538,16467
2025-01-17,レタス,長崎,183,17312
2025-01-17,レタス,静岡,383,66466
2025-01-17,レタス,香川,340,25010
2025-01-18,レタス,兵庫,451,14760
2025-01-18,レタス,総計,381,217890
2025-01-18,レタス,茨城,432,14053
2025-01-18,レタス,長崎,213,30931
2025-01-18,レタス,静岡,379,77503
2025-01-18,レタス,香川,328,29569
2025-01-20,レタス,熊本,192,16880
2025-01-20,レタス,総計,353,227195
2025-01-20,レタス,茨城,412,17040
2025-01-20,レタス,長崎,178,32489
2025-01-20,レタス,静岡,370,69261
2025-01-20,レタス,香川,351,32046
2025-01-21,レタス,兵庫,440,12700
2025-01-21,レタス,総計,374,181028
2025-01-21,レタス,茨城,423,12370
2025-01-21,レタス,長崎,191,18135
2025-01-21,レタス,静岡,377,54719
2025-01-21,レタス,香川,331,42379
2025-01-23,レタス,千葉,467,15292
2025-01-23,レタス,総計,338,278821
2025-01-23,レタス,茨城,382,16080
2025-01-23,レタス,長崎,200,48945
2025-01-23,レタス,静岡,360,99954
2025-01-23,レタス,香川,313,29172
2025-01-24,レタス,熊本,192,13629
2025-01-24,レタス,総計,342,197193
2025-01-24,レタス,茨城,375,14920
2025-01-24,レタス,長崎,165,18575
2025-01-24,レタス,静岡,341,73389
2025-01-24,レタス,香川,321,27967
2025-01-25,レタス,福岡,516,13517
2025-01-25,レタス,総計,336,251248
2025-01-25,レタス,茨城,367,21925
2025-01-25,レタス,長崎,200,44230
2025-01-25,レタス,静岡,333,83967
2025-01-25,レタス,香川,320,37301
2025-01-27,レタス,熊本,201,20940
2025-01-27,レタス,総計,315,225344
2025-01-27,レタス,茨城,363,18656
2025-01-27,レタス,長崎,172,26657
2025-01-27,レタス,静岡,312,78290
2025-01-27,レタス,香川,298,22514
2025-01-28,レタス,兵庫,383,15050
2025-01-28,レタス,総計,318,241534
2025-01-28,レタス,茨城,347,23348
2025-01-28,レタス,長崎,179,15517
2025-01-28,レタス,静岡,316,67274
2025-01-28,レタス,香川,310,37252
2025-01-30,レタス,千葉,393,21298
2025-01-30,レタス,総計,297,307411
2025-01-30,レタス,茨城,311,32487
2025-01-30,レタス,長崎,181,29730
2025-01-30,レタス,静岡,289,110272
2025-01-30,レタス,香川,253,22072
2025-01-31,レタス,愛知,461,15524
2025-01-31,レタス,総計,314,214606
2025-01-31,レタス,茨城,323,24320
2025-01-31,レタス,長崎,174,15235
2025-01-31,レタス,静岡,290,71773
2025-01-31,レタス,香川,302,40157
2025-02-01,レタス,福岡,500,13877
2025-02-01,レタス,総計,315,240829
2025-02-01,レタス,茨城,326,29941
2025-02-01,レタス,長崎,186,28515
2025-02-01,レタス,静岡,292,91542
2025-02-01,レタス,香川,281,27629
2025-02-03,レタス,熊本,188,17000
2025-02-03,レタス,総計,303,235810
2025-02-03,レタス,茨城,329,27991
2025-02-03,レタス,長崎,190,30679
2025-02-03,レタス,静岡,295,74228
2025-02-03,レタス,香川,292,29994
2025-02-04,レタス,福岡,479,11267
2025-02-04,レタス,総計,329,168137
2025-02-04,レタス,茨城,350,15771
2025-02-04,レタス,長崎,203,14399
2025-02-04,レタス,静岡,304,44581
2025-02-04,レタス,香川,287,29317
2025-02-06,レタス,千葉,414,14519
2025-02-06,レタス,総計,308,294371
2025-02-06,レタス,茨城,324,46181
2025-02-06,レタス,長崎,184,32806
2025-02-06,レタス,静岡,301,116950
2025-02-06,レタス,香川,281,20622
2025-02-07,レタス,熊本,193,15660
2025-02-07,レタス,総計,311,205328
2025-02-07,レタス,茨城,324,36079
2025-02-07,レタス,長崎,205,18151
2025-02-07,レタス,静岡,299,68724
2025-02-07,レタス,香川,281,23712
2025-02-08,レタス,福岡,476,12673
2025-02-08,レタス,総計,313,223255
2025-02-08,レタス,茨城,314,33948
2025-02-08,レタス,長崎,183,29625
2025-02-08,レタス,静岡,298,81839
2025-02-08,レタス,香川,273,22138
2025-02-10,レタス,熊本,210,18890
2025-02-10,レタス,総計,303,253796
2025-02-10,レタス,茨城,341,38791
2025-02-10,レタス,長崎,178,33805
2025-02-10,レタス,静岡,302,73327
2025-02-10,レタス,香川,289,34591
2025-02-12,レタス,千葉,408,15107
2025-02-12,レタス,総計,309,243105
2025-02-12,レタス,茨城,312,51516
2025-02-12,レタス,長崎,170,19088
2025-02-12,レタス,静岡,301,74791
2025-02-12,レタス,香川,280,22237
2025-02-13,レタス,福岡,471,11513
2025-02-13,レタス,総計,305,204954
2025-02-13,レタス,茨城,338,31043
2025-02-13,レタス,長崎,185,31203
2025-02-13,レタス,静岡,302,58678
2025-02-13,レタス,香川,276,20122
2025-02-14,レタス,熊本,185,13250
2025-02-14,レタス,総計,325,191095
2025-02-14,レタス,茨城,345,45959
2025-02-14,レタス,長崎,190,16254
2025-02-14,レタス,静岡,312,53617
2025-02-14,レタス,香川,289,17039
2025-02-15,レタス,福岡,473,13056
2025-02-15,レタス,総計,318,221078
2025-02-15,レタス,茨城,355,36951
2025-02-15,レタス,長崎,198,41275
2025-02-15,レタス,静岡,316,60783
2025-02-15,レタス,香川,292,23480
2025-02-17,レタス,福岡,457,18118
2025-02-17,レタス,総計,313,270538
2025-02-17,レタス,茨城,337,77386
2025-02-17,レタス,長崎,174,37474
2025-02-17,レタス,静岡,316,60883
2025-02-17,レタス,香川,302,18470
2025-02-18,レタス,福岡,473,14907
2025-02-18,レタス,総計,335,228812
2025-02-18,レタス,茨城,334,87884
2025-02-18,レタス,長崎,190,19894
2025-02-18,レタス,静岡,321,47721
2025-02-18,レタス,香川,327,18705
2025-02-20,レタス,福岡,452,18246
2025-02-20,レタス,総計,307,322647
2025-02-20,レタス,茨城,323,90258
2025-02-20,レタス,長崎,179,28728
2025-02-20,レタス,静岡,301,100790
2025-02-20,レタス,香川,274,22089
2025-02-21,レタス,福岡,452,18335
2025-02-21,レタス,総計,308,277866
2025-02-21,レタス,茨城,310,99666
2025-02-21,レタス,長崎,184,16769
2025-02-21,レタス,静岡,291,63165
2025-02-21,レタス,香川,288,28760
2025-02-22,レタス,福岡,471,16827
2025-02-22,レタス,総計,307,300377
2025-02-22,レタス,茨城,304,92377
2025-02-22,レタス,長崎,181,27348
2025-02-22,レタス,静岡,283,76156
2025-02-22,レタス,香川,284,39550
2025-02-25,レタス,福岡,455,22852
2025-02-25,レタス,総計,281,365095
2025-02-25,レタス,茨城,287,107724
2025-02-25,レタス,長崎,174,41421
2025-02-25,レタス,静岡,275,69811
2025-02-25,レタス,香川,249,37750
2025-02-27,レタス,福岡,452,17813
2025-02-27,レタス,総計,278,307718
2025-02-27,レタス,茨城,291,88663
2025-02-27,レタス,長崎,177,25752
2025-02-27,レタス,静岡,261,86544
2025-02-27,レタス,香川,235,36063
2025-02-28,レタス,福岡,432,19771
2025-02-28,レタス,総計,286,227379
2025-02-28,レタス,茨城,296,70213
2025-02-28,レタス,長崎,182,16646
2025-02-28,レタス,静岡,265,54426
2025-02-28,レタス,香川,219,21632
2025-03-01,レタス,福岡,446,18648
2025-03-01,レタス,総計,294,249174
2025-03-01,レタス,茨城,304,76872
2025-03-01,レタス,長崎,181,20744
2025-03-01,レタス,静岡,268,59249
2025-03-01,レタス,香川,241,41636
2025-03-03,レタス,熊本,172,15660
2025-03-03,レタス,総計,285,292496
2025-03-03,レタス,茨城,306,107476
2025-03-03,レタス,長崎,171,27205
2025-03-03,レタス,静岡,261,51610
2025-03-03,レタス,香川,256,23627
2025-03-04,レタス,総計,301,249656
2025-03-04,レタス,茨城,308,105897
2025-03-04,レタス,長崎,203,12625
2025-03-04,レタス,静岡,266,47880
2025-03-04,レタス,香川,261,37166
2025-03-06,レタス,福岡,436,13671
2025-03-06,レタス,総計,294,221947
2025-03-06,レタス,茨城,300,84748
2025-03-06,レタス,長崎,204,14190
2025-03-06,レタス,静岡,265,43016
2025-03-06,レタス,香川,239,20237
2025-03-07,レタス,熊本,161,13280
2025-03-07,レタス,総計,290,165247
2025-03-07,レタス,茨城,302,58514
2025-03-07,レタス,長崎,197,13800
2025-03-07,レタス,静岡,266,35075
2025-03-07,レタス,香川,252,13277
2025-03-08,レタス,兵庫,273,15110
2025-03-08,レタス,福岡,416,17984
2025-03-08,レタス,総計,277,275175
2025-03-08,レタス,茨城,273,117122
2025-03-08,レタス,長崎,181,16010
2025-03-08,レタス,静岡,237,64314
2025-03-10,レタス,兵庫,233,19130
2025-03-10,レタス,福岡,366,19901
2025-03-10,レタス,総計,247,294191
2025-03-10,レタス,茨城,243,112081
2025-03-10,レタス,静岡,200,55111
2025-03-10,レタス,香川,226,18997
2025-03-11,レタス,熊本,194,13066
2025-03-11,レタス,福岡,369,15787
2025-03-11,レタス,総計,236,242665
2025-03-11,レタス,茨城,224,106295
2025-03-11,レタス,静岡,198,46794
2025-03-11,レタス,香川,213,21394
2025-03-13,レタス,福岡,336,19347
2025-03-13,レタス,総計,230,275070
2025-03-13,レタス,茨城,233,107358
2025-03-13,レタス,長崎,150,27896
2025-03-13,レタス,静岡,198,49580
2025-03-13,レタス,香川,198,29835
2025-03-14,レタス,熊本,190,12580
2025-03-14,レタス,福岡,349,16478
2025-03-14,レタス,総計,231,219483
2025-03-14,レタス,茨城,225,95518
2025-03-14,レタス,静岡,190,33542
2025-03-14,レタス,香川,200,28583
2025-03-15,レタス,兵庫,243,22660
2025-03-15,レタス,総計,215,315534
2025-03-15,レタス,茨城,192,150748
2025-03-15,レタス,静岡,187,50320
2025-03-15,レタス,香川,215,35389
2025-03-17,レタス,兵庫,219,23550
2025-03-17,レタス,総計,215,315219
2025-03-17,レタス,茨城,218,137803
2025-03-17,レタス,長崎,153,26325
2025-03-17,レタス,静岡,181,49177
2025-03-17,レタス,香川,170,30854
2025-03-18,レタス,熊本,141,13204
2025-03-18,レタス,福岡,359,12071
2025-03-18,レタス,総計,210,221917
2025-03-18,レタス,茨城,191,109858
2025-03-18,レタス,静岡,189,30241
2025-03-18,レタス,香川,190,23977
2025-03-21,レタス,福岡,313,23091
2025-03-21,レタス,総計,219,398721
2025-03-21,レタス,茨城,216,187807
2025-03-21,レタス,長崎,180,22150
2025-03-21,レタス,静岡,174,66440
2025-03-21,レタス,香川,188,36945
2025-03-22,レタス,兵庫,227,24550
2025-03-22,レタス,総計,224,293116
2025-03-22,レタス,茨城,222,140865
2025-03-22,レタス,静岡,178,37029
2025-03-22,レタス,香川,178,33001
2025-03-24,レタス,福岡,264,22313
2025-03-24,レタス,総計,219,283464
2025-03-24,レタス,茨城,227,144342
2025-03-24,レタス,長崎,139,16097
2025-03-24,レタス,静岡,163,38686
2025-03-24,レタス,香川,194,20409
2025-03-25,レタス,福岡,298,15824
2025-03-25,レタス,総計,220,250932
2025-03-25,レタス,茨城,215,150910
2025-03-25,レタス,静岡,160,31287
2025-03-25,レタス,香川,189,17757
2025-03-27,レタス,福岡,263,19364
2025-03-27,レタス,総計,205,310014
2025-03-27,レタス,茨城,204,174507
2025-03-27,レタス,静岡,154,37298
2025-03-27,レタス,香川,171,22046
2025-03-28,レタス,福岡,254,13770
2025-03-28,レタス,総計,198,258464
2025-03-28,レタス,茨城,191,160579
2025-03-28,レタス,静岡,149,27109
2025-03-28,レタス,香川,159,16612
2025-03-29,レタス,兵庫,227,16830
2025-03-29,レタス,総計,192,296319
2025-03-29,レタス,茨城,185,179046
2025-03-29,レタス,静岡,150,26776
2025-03-29,レタス,香川,161,27022
2025-03-31,レタス,兵庫,180,23740
2025-03-31,レタス,福岡,269,14532
2025-03-31,レタス,総計,183,248684
2025-03-31,レタス,茨城,182,150838
2025-03-31,レタス,静岡,114,21063
2025-04-01,レタス,兵庫,175,33120
2025-04-01,レタス,総計,181,325263
2025-04-01,レタス,茨城,174,160913
2025-04-01,レタス,静岡,114,20421
2025-04-01,レタス,香川,150,48212
2025-04-03,レタス,兵庫,177,29890
2025-04-03,レタス,福岡,249,24899
2025-04-03,レタス,総計,185,255723
2025-04-03,レタス,茨城,178,129407
2025-04-03,レタス,香川,159,30286
2025-04-04,レタス,福岡,258,15947
2025-04-04,レタス,総計,190,177083
2025-04-04,レタス,茨城,185,86197
2025-04-04,レタス,静岡,109,16819
2025-04-04,レタス,香川,156,32361
2025-04-05,レタス,兵庫,194,29535
2025-04-05,レタス,福岡,233,29770
2025-04-05,レタス,総計,187,213706
2025-04-05,レタス,茨城,183,95049
2025-04-05,レタス,香川,136,23248
2025-04-07,レタス,兵庫,191,21000
2025-04-07,レタス,福岡,249,17263
2025-04-07,レタス,総計,185,288561
2025-04-07,レタス,茨城,186,176463
2025-04-07,レタス,香川,145,23120
2025-04-08,レタス,兵庫,200,16400
2025-04-08,レタス,総計,199,225665
2025-04-08,レタス,茨城,192,155182
2025-04-08,レタス,香川,144,16541
2025-04-10,レタス,兵庫,215,33480
2025-04-10,レタス,栃木,185,12718
2025-04-10,レタス,福岡,239,18289
2025-04-10,レタス,総計,207,261945
2025-04-10,レタス,茨城,197,154264
2025-04-11,レタス,兵庫,214,30600
2025-04-11,レタス,福岡,275,10583
2025-04-11,レタス,総計,221,214710
2025-04-11,レタス,茨城,216,135297
2025-04-12,レタス,兵庫,219,31050
2025-04-12,レタス,総計,216,281742
2025-04-12,レタス,茨城,215,190326
2025-04-12,レタス,静岡,120,18922
2025-04-14,レタス,兵庫,209,35170
2025-04-14,レタス,福岡,255,14509
2025-04-14,レタス,総計,206,299420
2025-04-14,レタス,茨城,201,202048
2025-04-15,レタス,兵庫,189,14090
2025-04-15,レタス,福岡,276,10994
2025-04-15,レタス,総計,199,197608
2025-04-15,レタス,茨城,192,130215
2025-04-15,レタス,静岡,123,13343
2025-04-17,レタス,兵庫,178,26070
2025-04-17,レタス,総計,172,308966
2025-04-17,レタス,茨城,169,208061
2025-04-17,レタス,長崎,55,13810
2025-04-18,レタス,兵庫,172,27500
2025-04-18,レタス,福岡,225,12693
2025-04-18,レタス,総計,167,258485
2025-04-18,レタス,茨城,157,176430
2025-04-19,レタス,兵庫,168,20210
2025-04-19,レタス,福岡,242,14468
2025-04-19,レタス,総計,164,277433
2025-04-19,レタス,茨城,157,182649
2025-04-19,レタス,長崎,37,11990
2025-04-21,レタス,兵庫,175,15910
2025-04-21,レタス,福岡,220,12383
2025-04-21,レタス,総計,168,270458
2025-04-21,レタス,茨城,166,186663
2025-04-21,レタス,香川,140,11414
2025-04-22,レタス,兵庫,164,33750
2025-04-22,レタス,総計,170,279654
2025-04-22,レタス,群馬,112,16252
2025-04-22,レタス,茨城,164,180046
2025-04-24,レタス,兵庫,152,20950
2025-04-24,レタス,総計,155,302170
2025-04-24,レタス,群馬,87,37672
2025-04-24,レタス,茨城,160,179993
2025-04-24,レタス,長崎,35,13498
2025-04-25,レタス,兵庫,149,13550
2025-04-25,レタス,総計,164,219572
2025-04-25,レタス,群馬,85,37334
2025-04-25,レタス,茨城,164,98498
2025-04-25,レタス,長野,232,12456
2025-04-25,レタス,香川,86,11050
2025-04-26,レタス,兵庫,144,19200
2025-04-26,レタス,総計,148,308263
2025-04-26,レタス,群馬,92,52724
2025-04-26,レタス,茨城,145,168334
2025-04-26,レタス,長野,231,21698
2025-04-28,レタス,総計,142,360616
2025-04-28,レタス,群馬,105,82254
2025-04-28,レタス,茨城,141,173302
2025-04-28,レタス,長野,202,36457
2025-04-30,レタス,兵庫,143,18280
2025-04-30,レタス,総計,128,340227
2025-04-30,レタス,群馬,81,71132
2025-04-30,レタス,茨城,135,149957
2025-04-30,レタス,長野,184,41327
2025-05-01,レタス,兵庫,142,11250
2025-05-01,レタス,総計,136,261652
2025-05-01,レタス,群馬,92,71472
2025-05-01,レタス,茨城,137,110890
2025-05-01,レタス,長野,196,26692
2025-05-02,レタス,兵庫,147,13650
2025-05-02,レタス,総計,148,219515
2025-05-02,レタス,群馬,87,38612
2025-05-02,レタス,茨城,140,94954
2025-05-02,レタス,長野,189,36724
2025-05-03,レタス,福岡,169,13354
2025-05-03,レタス,総計,153,224676
2025-05-03,レタス,群馬,86,47207
2025-05-03,レタス,茨城,159,95915
2025-05-03,レタス,長野,185,27067
2025-05-07,レタス,総計,134,601483
2025-05-07,レタス,群馬,93,217291
2025-05-07,レタス,茨城,138,162456
2025-05-07,レタス,長野,184,132910
2025-05-08,レタス,総計,130,244798
2025-05-08,レタス,群馬,75,83769
2025-05-08,レタス,茨城,137,64142
2025-05-08,レタス,長野,174,63326
2025-05-09,レタス,総計,125,249991
2025-05-09,レタス,群馬,71,70022
2025-05-09,レタス,茨城,128,65518
2025-05-09,レタス,長野,151,76256
2025-05-10,レタス,総計,124,266780
2025-05-10,レタス,群馬,76,100850
2025-05-10,レタス,茨城,133,72507
2025-05-10,レタス,長野,156,66514
2025-05-12,レタス,総計,126,265270
2025-05-12,レタス,群馬,78,89928
2025-05-12,レタス,茨城,115,54072
2025-05-12,レタス,長野,165,97420
2025-05-13,レタス,総計,132,231068
2025-05-13,レタス,群馬,86,87063
2025-05-13,レタス,茨城,112,47618
2025-05-13,レタス,長野,173,78866
2025-05-15,レタス,総計,135,274742
2025-05-15,レタス,群馬,92,105616
2025-05-15,レタス,茨城,140,38925
2025-05-15,レタス,長野,158,111874
2025-05-16,レタス,総計,137,234983
2025-05-16,レタス,群馬,100,98204
2025-05-16,レタス,長野,165,89852
2025-05-17,レタス,総計,155,227978
2025-05-17,レタス,群馬,104,80068
2025-05-17,レタス,茨城,136,28087
2025-05-17,レタス,長野,165,99749
2025-05-19,レタス,総計,136,318554
2025-05-19,レタス,群馬,110,146616
2025-05-19,レタス,長野,161,129629
2025-05-20,レタス,総計,139,255915
2025-05-20,レタス,群馬,104,85041
2025-05-20,レタス,長野,159,120548
2025-05-22,レタス,総計,128,410323
2025-05-22,レタス,群馬,105,170962
2025-05-22,レタス,長野,145,180292
2025-05-23,レタス,総計,128,274762
2025-05-23,レタス,群馬,105,127200
2025-05-23,レタス,長野,147,109063
2025-05-24,レタス,総計,125,261116
2025-05-24,レタス,群馬,93,85918
2025-05-24,レタス,長野,136,138634
2025-05-26,レタス,総計,115,330667
2025-05-26,レタス,群馬,91,139217
2025-05-26,レタス,長野,127,164341
2025-05-27,レタス,総計,110,296952
2025-05-27,レタス,群馬,73,97223
2025-05-27,レタス,長野,118,177961
2025-05-29,レタス,総計,106,383193
2025-05-29,レタス,群馬,85,116879
2025-05-29,レタス,長野,107,241518
2025-05-30,レタス,総計,112,262519
2025-05-30,レタス,群馬,79,83944
2025-05-30,レタス,長野,116,157402
2025-05-31,レタス,総計,115,225774
2025-05-31,レタス,群馬,83,65197
2025-05-31,レタス,長野,115,144894
2025-06-02,レタス,総計,111,350571
2025-06-02,レタス,群馬,91,137787
2025-06-02,レタス,長野,113,200430
2025-06-03,レタス,総計,120,247666
2025-06-03,レタス,群馬,80,85173
2025-06-03,レタス,長野,125,148640
2025-06-05,レタス,総計,119,298882
2025-06-05,レタス,群馬,86,99126
2025-06-05,レタス,長野,121,188873
2025-06-06,レタス,総計,127,275348
2025-06-06,レタス,群馬,101,106150
2025-06-06,レタス,長野,133,153877
2025-06-07,レタス,総計,133,255047
2025-06-07,レタス,群馬,96,80482
2025-06-07,レタス,長野,137,163301
2025-06-09,レタス,総計,134,414450
2025-06-09,レタス,群馬,106,135736
2025-06-09,レタス,長野,139,271492
2025-06-10,レタス,総計,152,259291
2025-06-10,レタス,群馬,109,62192
2025-06-10,レタス,長野,153,184704
2025-06-12,レタス,総計,142,368290
2025-06-12,レタス,群馬,110,96178
2025-06-12,レタス,長野,143,261889
2025-06-13,レタス,総計,141,311147
2025-06-13,レタス,群馬,95,78876
2025-06-13,レタス,長野,143,219871
2025-06-14,レタス,総計,130,328369
2025-06-14,レタス,群馬,94,77027
2025-06-14,レタス,長野,131,238496
2025-06-16,レタス,総計,135,374029
2025-06-16,レタス,群馬,101,115136
2025-06-16,レタス,長野,141,251186
2025-06-17,レタス,総計,152,244456
2025-06-17,レタス,群馬,103,53471
2025-06-17,レタス,長野,150,179508
2025-06-19,レタス,総計,134,442029
2025-06-19,レタス,群馬,101,122112
2025-06-19,レタス,長野,138,309306
2025-06-20,レタス,総計,143,282018
2025-06-20,レタス,群馬,100,82702
2025-06-20,レタス,長野,146,188418
2025-06-21,レタス,総計,146,261836
2025-06-21,レタス,群馬,111,49420
2025-06-21,レタス,長野,142,201712
2025-06-23,レタス,総計,129,527400
2025-06-23,レタス,群馬,105,118746
2025-06-23,レタス,長野,130,397606
2025-06-24,レタス,総計,140,337048
2025-06-24,レタス,群馬,111,64234
2025-06-24,レタス,長野,137,259213
2025-06-26,レタス,総計,133,513651
2025-06-26,レタス,長野,132,428807
2025-06-27,レタス,総計,140,314355
2025-06-27,レタス,長野,139,262698
2025-06-28,レタス,総計,139,309108
2025-06-28,レタス,群馬,91,51160
2025-06-28,レタス,長野,138,245927
2025-06-30,レタス,総計,134,476633
2025-06-30,レタス,長野,133,412113
2025-07-01,レタス,総計,143,309277
2025-07-01,レタス,長野,140,254569
2025-07-03,レタス,総計,133,487197
2025-07-03,レタス,長野,130,419780
2025-07-04,レタス,総計,134,325670
2025-07-04,レタス,長野,134,273274
2025-07-05,レタス,総計,135,315586
2025-07-05,レタス,長野,131,264702
2025-07-07,レタス,総計,130,500027
2025-07-07,レタス,長野,133,412093
2025-07-08,レタス,総計,137,315296
2025-07-08,レタス,長野,137,263964
2025-07-10,レタス,総計,131,500377
2025-07-10,レタス,長野,132,407182
2025-07-11,レタス,総計,139,285369
2025-07-11,レタス,長野,137,245663
2025-07-12,レタス,総計,138,300898
2025-07-12,レタス,長野,135,251336
2025-07-14,レタス,総計,133,483162
2025-07-14,レタス,長野,132,424430
2025-07-15,レタス,総計,136,379843
2025-07-15,レタス,長野,132,342224
2025-07-17,レタス,総計,135,484164
2025-07-17,レタス,長野,133,414266
2025-07-18,レタス,総計,132,330268
2025-07-18,レタス,長野,133,274762
2025-07-19,レタス,総計,143,324123
2025-07-19,レタス,長野,138,278622
2025-07-22,レタス,総計,136,770182
2025-07-22,レタス,長野,136,663098
2025-07-24,レタス,総計,133,518052
2025-07-24,レタス,長野,132,438614
2025-07-25,レタス,総計,145,329171
2025-07-25,レタス,長野,142,291209
2025-07-26,レタス,総計,147,331047
2025-07-26,レタス,長野,143,294788
2025-07-28,レタス,総計,149,503846
2025-07-28,レタス,長野,152,430119
2025-07-29,レタス,総計,166,312617
2025-07-29,レタス,長野,159,282452
2025-07-31,レタス,総計,158,457928
2025-07-31,レタス,長野,152,406081
2025-08-01,レタス,総計,171,283978
2025-08-01,レタス,長野,173,240006
2025-08-02,レタス,総計,182,260516
2025-08-02,レタス,長野,179,228360
2025-08-04,レタス,総計,190,472892
2025-08-04,レタス,長野,199,397647
2025-08-05,レタス,総計,214,290415
2025-08-05,レタス,長野,223,239114
2025-08-07,レタス,総計,202,468524
2025-08-07,レタス,長野,204,404956
2025-08-08,レタス,総計,202,272282
2025-08-08,レタス,長野,204,234960
2025-08-09,レタス,総計,209,279370
2025-08-09,レタス,群馬,113,48624
2025-08-09,レタス,長野,215,222826
2025-08-11,レタス,総計,207,440541
2025-08-11,レタス,長野,213,374228
2025-08-12,レタス,総計,231,288978
2025-08-12,レタス,長野,234,232660
2025-08-16,レタス,総計,215,766871
2025-08-16,レタス,長野,224,620835
2025-08-18,レタス,総計,227,468468
2025-08-18,レタス,長野,231,387393
2025-08-19,レタス,総計,249,268031
2025-08-19,レタス,長野,249,224236
2025-08-21,レタス,総計,244,437159
2025-08-21,レタス,長野,250,361368
2025-08-22,レタス,総計,267,254288
2025-08-22,レタス,長野,271,217889
2025-08-23,レタス,総計,274,259996
2025-08-23,レタス,長野,276,220355
2025-08-25,レタス,総計,280,422731
2025-08-25,レタス,長野,282,377188
2025-08-26,レタス,総計,299,264273
2025-08-26,レタス,長野,298,231368
2025-08-28,レタス,総計,286,439595
2025-08-28,レタス,長野,287,394603
2025-08-29,レタス,総計,281,240244
2025-08-29,レタス,長野,278,212075
2025-08-30,レタス,総計,284,265746
2025-08-30,レタス,長野,284,230310
2025-09-01,レタス,総計,274,412440
2025-09-01,レタス,長野,279,351605
2025-09-02,レタス,総計,283,270038
2025-09-02,レタス,長野,285,229737
2025-09-04,レタス,総計,269,422881
2025-09-04,レタス,長野,271,361212
2025-09-05,レタス,総計,278,240750
2025-09-05,レタス,長野,282,202083
2025-09-06,レタス,総計,269,216592
2025-09-06,レタス,長野,270,174689
2025-09-08,レタス,総計,246,460313
2025-09-08,レタス,長野,246,399722
2025-09-09,レタス,総計,231,277643
2025-09-09,レタス,長野,229,237697
2025-09-11,レタス,総計,208,454417
2025-09-11,レタス,長野,207,393808
2025-09-12,レタス,総計,209,272109
2025-09-12,レタス,長野,210,229546
2025-09-13,レタス,総計,207,305472
2025-09-13,レタス,長野,207,248955
2025-09-16,レタス,総計,170,770958
2025-09-16,レタス,長野,167,665405
2025-09-18,レタス,総計,157,523906
2025-09-18,レタス,長野,150,470221
2025-09-19,レタス,総計,160,311471
2025-09-19,レタス,長野,153,266405
2025-09-20,レタス,総計,158,330371
2025-09-20,レタス,長野,149,295491
2025-09-22,レタス,総計,153,553020
2025-09-22,レタス,長野,145,500231
2025-09-24,レタス,総計,157,525243
2025-09-24,レタス,長野,150,481452
2025-09-25,レタス,総計,179,314335
2025-09-25,レタス,長野,171,273347
2025-09-26,レタス,総計,195,293266
2025-09-26,レタス,長野,190,262995
2025-09-27,レタス,総計,217,300406
2025-09-27,レタス,長野,213,258636
2025-09-29,レタス,総計,231,454686
2025-09-29,レタス,長野,230,403842
2025-09-30,レタス,総計,251,280115
2025-09-30,レタス,長野,252,224180
2025-10-02,レタス,総計,242,475493
2025-10-02,レタス,群馬,161,61804
2025-10-02,レタス,長野,249,374785
2025-10-03,レタス,総計,242,241043
2025-10-03,レタス,群馬,154,24378
2025-10-03,レタス,長野,244,191726
2025-10-04,レタス,総計,231,297933
2025-10-04,レタス,茨城,208,61944
2025-10-04,レタス,長野,234,203326
2025-10-06,レタス,総計,219,379981
2025-10-06,レタス,茨城,201,84543
2025-10-06,レタス,長野,228,239089
2025-10-07,レタス,総計,204,301602
2025-10-07,レタス,茨城,197,95212
2025-10-07,レタス,長野,203,162959
2025-10-09,レタス,総計,184,408127
2025-10-09,レタス,茨城,170,149140
2025-10-09,レタス,長野,202,179832
2025-10-10,レタス,総計,180,278062
2025-10-10,レタス,群馬,117,48762
2025-10-10,レタス,茨城,169,123187
2025-10-10,レタス,長野,205,91249
2025-10-11,レタス,総計,189,263434
2025-10-11,レタス,群馬,122,43374
2025-10-11,レタス,茨城,173,109613
2025-10-11,レタス,長野,213,91170
2025-10-14,レタス,総計,168,599467
2025-10-14,レタス,群馬,106,132714
2025-10-14,レタス,茨城,167,290225
2025-10-14,レタス,長野,205,146820
2025-10-16,レタス,総計,160,466968
2025-10-16,レタス,群馬,94,66914
2025-10-16,レタス,茨城,154,286760
2025-10-16,レタス,長野,203,77153
2025-10-17,レタス,総計,157,345030
2025-10-17,レタス,茨城,151,222967
2025-10-17,レタス,長野,189,57082
2025-10-18,レタス,総計,153,302681
2025-10-18,レタス,群馬,94,48872
2025-10-18,レタス,茨城,147,189102
2025-10-18,レタス,長野,188,42967
2025-10-20,レタス,総計,139,444284
2025-10-20,レタス,茨城,128,319794
2025-10-20,レタス,長野,202,52123
2025-10-21,レタス,総計,132,357302
2025-10-21,レタス,茨城,123,274829
2025-10-21,レタス,長野,175,31335
2025-10-23,レタス,総計,129,410986
2025-10-23,レタス,茨城,123,320257
2025-10-23,レタス,長野,173,31942
2025-10-24,レタス,総計,130,276010
2025-10-24,レタス,群馬,73,27796
2025-10-24,レタス,茨城,126,213063
2025-10-25,レタス,総計,144,277710
2025-10-25,レタス,茨城,138,236549
2025-10-27,レタス,総計,168,262466
2025-10-27,レタス,茨城,164,213756
2025-10-28,レタス,総計,198,234429
2025-10-28,レタス,茨城,193,191273
2025-10-30,レタス,総計,198,318235
2025-10-30,レタス,茨城,191,265296
2025-10-31,レタス,総計,210,251243
2025-10-31,レタス,茨城,205,217814
2025-11-01,レタス,総計,220,279846
2025-11-01,レタス,茨城,213,244854
2025-11-04,レタス,総計,219,452242
2025-11-04,レタス,茨城,209,385291
2025-11-06,レタス,総計,214,331196
2025-11-06,レタス,茨城,203,289546
2025-11-07,レタス,総計,196,272910
2025-11-07,レタス,茨城,185,233860
2025-11-08,レタス,総計,200,275390
2025-11-08,レタス,茨城,184,242074
2025-11-10,レタス,総計,205,267029
2025-11-10,レタス,茨城,193,217543
2025-11-11,レタス,総計,226,198245
2025-11-11,レタス,茨城,204,165576
2025-11-13,レタス,総計,207,280285
2025-11-13,レタス,茨城,187,224240
2025-11-14,レタス,福岡,303,12055
2025-11-14,レタス,総計,199,256482
2025-11-14,レタス,茨城,182,204865
2025-11-15,レタス,兵庫,233,16050
2025-11-15,レタス,総計,206,257037
2025-11-15,レタス,茨城,188,200450
2025-11-17,レタス,兵庫,226,14850
2025-11-17,レタス,福岡,266,15172
2025-11-17,レタス,総計,205,245248
2025-11-17,レタス,茨城,187,177338
2025-11-18,レタス,兵庫,233,18808
2025-11-18,レタス,福岡,296,10647
2025-11-18,レタス,総計,228,209827
2025-11-18,レタス,茨城,211,145119
2025-11-20,レタス,兵庫,236,21910
2025-11-20,レタス,総計,229,261349
2025-11-20,レタス,茨城,211,183924
2025-11-20,レタス,静岡,241,13003
2025-11-21,レタス,兵庫,240,16675
2025-11-21,レタス,総計,223,229150
2025-11-21,レタス,茨城,203,161844
2025-11-21,レタス,静岡,233,14393
2025-11-22,レタス,兵庫,242,17083
2025-11-22,レタス,総計,233,238637
2025-11-22,レタス,茨城,217,162393
2025-11-22,レタス,静岡,245,15588
2025-11-25,レタス,総計,220,338262
2025-11-25,レタス,茨城,200,228691
2025-11-25,レタス,静岡,248,21351
2025-11-25,レタス,香川,219,20905
2025-11-26,レタス,兵庫,233,15150
2025-11-26,レタス,総計,211,196310
2025-11-26,レタス,茨城,191,121802
2025-11-26,レタス,静岡,221,20509
2025-11-27,レタス,総計,229,161960
2025-11-27,レタス,茨城,212,92783
2025-11-27,レタス,静岡,227,27450
2025-11-27,レタス,香川,211,11532
2025-11-28,レタス,兵庫,219,14511
2025-11-28,レタス,総計,213,181638
2025-11-28,レタス,茨城,190,101434
2025-11-28,レタス,静岡,224,20611
2025-11-28,レタス,香川,196,15878
2025-11-29,レタス,兵庫,209,16780
2025-11-29,レタス,総計,211,224808
2025-11-29,レタス,茨城,185,125179
2025-11-29,レタス,静岡,221,30873
2025-11-29,レタス,香川,208,14212
2025-12-01,レタス,兵庫,197,40670
2025-12-01,レタス,総計,203,265269
2025-12-01,レタス,茨城,177,105638
2025-12-01,レタス,長崎,163,18900
2025-12-01,レタス,静岡,215,39062
2025-12-01,レタス,香川,198,22713
2025-12-02,レタス,兵庫,195,30710
2025-12-02,レタス,総計,196,251095
2025-12-02,レタス,茨城,156,116416
2025-12-02,レタス,静岡,218,37709
2025-12-02,レタス,香川,209,16512
2025-12-04,レタス,兵庫,194,43480
2025-12-04,レタス,総計,194,288864
2025-12-04,レタス,茨城,158,105372
2025-12-04,レタス,静岡,196,57222
2025-12-04,レタス,香川,187,27249
2025-12-05,レタス,兵庫,195,32300
2025-12-05,レタス,総計,186,235193
2025-12-05,レタス,茨城,148,89231
2025-12-05,レタス,静岡,197,50938
2025-12-05,レタス,香川,188,20468
2025-12-06,レタス,兵庫,193,31800
2025-12-06,レタス,総計,191,250314
2025-12-06,レタス,茨城,150,79623
2025-12-06,レタス,長崎,157,20355
2025-12-06,レタス,静岡,191,60607
2025-12-06,レタス,香川,183,19352
2025-12-08,レタス,兵庫,195,29040
2025-12-08,レタス,総計,200,240359
2025-12-08,レタス,茨城,168,51284
2025-12-08,レタス,長崎,168,31655
2025-12-08,レタス,静岡,197,56595
2025-12-08,レタス,香川,180,27794
2025-12-09,レタス,兵庫,203,29200
2025-12-09,レタス,熊本,163,13653
2025-12-09,レタス,総計,206,208718
2025-12-09,レタス,茨城,172,55181
2025-12-09,レタス,静岡,204,41828
2025-12-09,レタス,香川,190,22410
2025-12-11,レタス,兵庫,203,32900
2025-12-11,レタス,総計,207,268177
2025-12-11,レタス,茨城,179,52733
2025-12-11,レタス,長崎,170,30180
2025-12-11,レタス,静岡,199,79800
2025-12-11,レタス,香川,191,20715
2025-12-12,レタス,兵庫,207,27360
2025-12-12,レタス,総計,207,202847
2025-12-12,レタス,茨城,181,44756
2025-12-12,レタス,長崎,156,20353
2025-12-12,レタス,静岡,203,52395
2025-12-12,レタス,香川,188,19756
2025-12-13,レタス,兵庫,204,28400
2025-12-13,レタス,総計,213,208874
2025-12-13,レタス,茨城,202,39744
2025-12-13,レタス,長崎,157,29800
2025-12-13,レタス,静岡,202,54841
2025-12-13,レタス,香川,195,20603
2025-12-15,レタス,兵庫,223,19140
2025-12-15,レタス,総計,206,266112
2025-12-15,レタス,茨城,207,34279
2025-12-15,レタス,長崎,145,60590
2025-12-15,レタス,静岡,209,74266
2025-12-15,レタス,香川,195,25161
2025-12-16,レタス,兵庫,225,20000
2025-12-16,レタス,総計,229,162342
2025-12-16,レタス,茨城,207,27104
2025-12-16,レタス,長崎,157,18765
2025-12-16,レタス,静岡,222,33913
2025-12-16,レタス,香川,202,20673
2025-12-18,レタス,兵庫,236,33610
2025-12-18,レタス,総計,225,286324
2025-12-18,レタス,茨城,212,37012
2025-12-18,レタス,長崎,170,37225
2025-12-18,レタス,静岡,221,101014
2025-12-18,レタス,香川,216,20088
2025-12-19,レタス,兵庫,250,28840
2025-12-19,レタス,総計,240,210533
2025-12-19,レタス,茨城,213,29745
2025-12-19,レタス,長崎,162,16555
2025-12-19,レタス,静岡,231,61973
2025-12-19,レタス,香川,218,14372
2025-12-20,レタス,兵庫,253,33750
2025-12-20,レタス,総計,235,261126
2025-12-20,レタス,茨城,216,38259
2025-12-20,レタス,長崎,154,45390
2025-12-20,レタス,静岡,240,76452
2025-12-20,レタス,香川,228,21118
2025-12-22,レタス,兵庫,268,33030
2025-12-22,レタス,総計,241,319781
2025-12-22,レタス,茨城,234,45518
2025-12-22,レタス,長崎,151,54895
2025-12-22,レタス,静岡,247,89847
2025-12-22,レタス,香川,241,29910
2025-12-23,レタス,兵庫,273,28500
2025-12-23,レタス,総計,259,220676
2025-12-23,レタス,茨城,227,37933
2025-12-23,レタス,長崎,167,27135
2025-12-23,レタス,静岡,270,35740
2025-12-23,レタス,香川,246,26436
2025-12-25,レタス,兵庫,255,36250
2025-12-25,レタス,総計,235,355707
2025-12-25,レタス,茨城,212,41445
2025-12-25,レタス,長崎,152,55555
2025-12-25,レタス,静岡,248,122851
2025-12-25,レタス,香川,237,27228
2025-12-26,レタス,兵庫,256,29700
2025-12-26,レタス,福岡,304,19010
2025-12-26,レタス,総計,233,234574
2025-12-26,レタス,茨城,200,26350
2025-12-26,レタス,長崎,126,22570
2025-12-26,レタス,静岡,237,83216
2025-12-27,レタス,福岡,310,20265
2025-12-27,レタス,総計,237,225324
2025-12-27,レタス,茨城,201,25650
2025-12-27,レタス,長崎,150,34300
2025-12-27,レタス,静岡,235,78893
2025-12-27,レタス,香川,234,21974
2025-12-28,レタス,兵庫,236,26900
2025-12-28,レタス,福岡,346,15837
2025-12-28,レタス,総計,235,203974
2025-12-28,レタス,茨城,201,23409
2025-12-28,レタス,静岡,220,86918
2025-12-28,レタス,香川,219,16480
2025-12-29,レタス,兵庫,246,47500
2025-12-29,レタス,総計,228,292138
2025-12-29,レタス,茨城,229,30373
2025-12-29,レタス,長崎,166,49196
2025-12-29,レタス,静岡,206,85737
2025-12-29,レタス,香川,222,25102
2026-01-05,レタス,兵庫,237,69180
2026-01-05,レタス,福岡,334,52055
2026-01-05,レタス,総計,230,564844
2026-01-05,レタス,長崎,163,86345
2026-01-05,レタス,静岡,200,190399
2026-01-05,レタス,香川,221,68744
2026-01-06,レタス,兵庫,237,29900
2026-01-06,レタス,福岡,347,22107
2026-01-06,レタス,総計,248,223172
2026-01-06,レタス,茨城,248,21166
2026-01-06,レタス,長崎,199,26930
2026-01-06,レタス,静岡,208,58806
2026-01-08,レタス,福岡,278,29558
2026-01-08,レタス,総計,226,327862
2026-01-08,レタス,茨城,216,27872
2026-01-08,レタス,長崎,153,46800
2026-01-08,レタス,静岡,214,136015
2026-01-08,レタス,香川,223,26920
2026-01-09,レタス,福岡,263,20764
2026-01-09,レタス,総計,233,198777
2026-01-09,レタス,茨城,210,17526
2026-01-09,レタス,長崎,122,24170
2026-01-09,レタス,静岡,230,68033
2026-01-09,レタス,香川,243,21546
2026-01-10,レタス,兵庫,318,16900
2026-01-10,レタス,総計,241,246122
2026-01-10,レタス,茨城,233,20422
2026-01-10,レタス,長崎,135,39780
2026-01-10,レタス,静岡,246,79031
2026-01-10,レタス,香川,247,37374
2026-01-13,レタス,千葉,281,31861
2026-01-13,レタス,福岡,266,23350
2026-01-13,レタス,総計,237,397603
2026-01-13,レタス,長崎,143,76975
2026-01-13,レタス,静岡,256,118082
2026-01-13,レタス,香川,255,46808
2026-01-15,レタス,兵庫,337,24520
2026-01-15,レタス,福岡,281,22611
2026-01-15,レタス,総計,259,289046
2026-01-15,レタス,長崎,154,46150
2026-01-15,レタス,静岡,269,107807
2026-01-15,レタス,香川,256,26705
2026-01-16,レタス,熊本,207,20980
2026-01-16,レタス,総計,252,222776
2026-01-16,レタス,茨城,261,20975
2026-01-16,レタス,長崎,137,32678
2026-01-16,レタス,静岡,271,66511
2026-01-16,レタス,香川,261,23534
2026-01-17,レタス,兵庫,338,19425
2026-01-17,レタス,総計,252,226674
2026-01-17,レタス,茨城,260,22663
2026-01-17,レタス,長崎,136,46350
2026-01-17,レタス,静岡,279,62236
2026-01-17,レタス,香川,236,24054
2026-01-19,レタス,熊本,151,22838
2026-01-19,レタス,福岡,262,23760
2026-01-19,レタス,総計,247,254782
2026-01-19,レタス,長崎,149,45025
2026-01-19,レタス,静岡,288,66390
2026-01-19,レタス,香川,253,30000
2026-01-20,レタス,兵庫,339,18475
2026-01-20,レタス,総計,255,208486
2026-01-20,レタス,茨城,211,20067
2026-01-20,レタス,長崎,131,25805
2026-01-20,レタス,静岡,283,55212
2026-01-20,レタス,香川,256,29830
2026-01-22,レタス,兵庫,308,26640
2026-01-22,レタス,総計,246,323345
2026-01-22,レタス,茨城,165,34202
2026-01-22,レタス,長崎,159,37585
2026-01-22,レタス,静岡,261,108133
2026-01-22,レタス,香川,249,29522
2026-01-23,レタス,兵庫,324,18690
2026-01-23,レタス,福岡,290,19439
2026-01-23,レタス,総計,256,213847
2026-01-23,レタス,茨城,229,17239
2026-01-23,レタス,静岡,260,73873
2026-01-23,レタス,香川,232,26398
2026-01-24,レタス,千葉,310,13590
2026-01-24,レタス,総計,240,210578
2026-01-24,レタス,茨城,255,18363
2026-01-24,レタス,長崎,138,43872
2026-01-24,レタス,静岡,254,75769
2026-01-24,レタス,香川,232,23948
2026-01-26,レタス,千葉,319,17035
2026-01-26,レタス,福岡,295,17307
2026-01-26,レタス,総計,238,238909
2026-01-26,レタス,長崎,149,47870
2026-01-26,レタス,静岡,251,74008
2026-01-26,レタス,香川,230,27064
2026-01-27,レタス,千葉,333,11847
2026-01-27,レタス,総計,261,171910
2026-01-27,レタス,茨城,249,14300
2026-01-27,レタス,長崎,157,21705
2026-01-27,レタス,静岡,253,61517
2026-01-27,レタス,香川,232,24616
2026-01-29,レタス,千葉,310,24459
2026-01-29,レタス,福岡,318,19232
2026-01-29,レタス,総計,251,284704
2026-01-29,レタス,長崎,171,35445
2026-01-29,レタス,静岡,250,101576
2026-01-29,レタス,香川,230,29244
2026-01-30,レタス,兵庫,288,15060
2026-01-30,レタス,福岡,327,16706
2026-01-30,レタス,総計,241,207710
2026-01-30,レタス,長崎,129,34725
2026-01-30,レタス,静岡,253,64988
2026-01-30,レタス,香川,221,24688
2026-01-31,レタス,熊本,224,13505
2026-01-31,レタス,福岡,295,13480
2026-01-31,レタス,総計,242,204415
2026-01-31,レタス,長崎,148,35330
2026-01-31,レタス,静岡,252,71574
2026-01-31,レタス,香川,226,24736
2026-02-02,レタス,福岡,317,25533
2026-02-02,レタス,総計,253,232979
2026-02-02,レタス,茨城,247,15607
2026-02-02,レタス,長崎,169,37853
2026-02-02,レタス,静岡,261,70622
2026-02-02,レタス,香川,230,34120
2026-02-03,レタス,熊本,251,16295
2026-02-03,レタス,総計,261,194483
2026-02-03,レタス,茨城,304,13328
2026-02-03,レタス,長崎,171,15925
2026-02-03,レタス,静岡,262,52340
2026-02-03,レタス,香川,230,37130
2026-02-05,レタス,福岡,358,14460
2026-02-05,レタス,総計,265,253290
2026-02-05,レタス,茨城,314,20244
2026-02-05,レタス,長崎,180,37795
2026-02-05,レタス,静岡,255,100146
2026-02-05,レタス,香川,239,32138
2026-02-06,レタス,福岡,362,16405
2026-02-06,レタス,総計,269,200676
2026-02-06,レタス,茨城,292,16755
2026-02-06,レタス,長崎,166,27905
2026-02-06,レタス,静岡,267,64831
2026-02-06,レタス,香川,240,28132
2026-02-07,レタス,福岡,378,19002
2026-02-07,レタス,総計,273,231629
2026-02-07,レタス,茨城,288,26065
2026-02-07,レタス,長崎,171,35420
2026-02-07,レタス,静岡,267,71171
2026-02-07,レタス,香川,236,28610
2026-02-09,レタス,福岡,372,21471
2026-02-09,レタス,総計,281,176784
2026-02-09,レタス,茨城,306,22861
2026-02-09,レタス,長崎,175,35745
2026-02-09,レタス,静岡,283,26681
2026-02-09,レタス,香川,251,32952
2026-02-10,レタス,福岡,386,14956
2026-02-10,レタス,総計,283,179400
2026-02-10,レタス,茨城,269,16190
2026-02-10,レタス,長崎,185,11547
2026-02-10,レタス,静岡,269,84589
2026-02-10,レタス,香川,249,23908
2026-02-12,レタス,福岡,377,14715
2026-02-12,レタス,総計,275,250436
2026-02-12,レタス,茨城,284,34205
2026-02-12,レタス,長崎,186,43150
2026-02-12,レタス,静岡,270,95239
2026-02-12,レタス,香川,244,21154
2026-02-13,レタス,兵庫,347,15140
2026-02-13,レタス,福岡,381,15856
2026-02-13,レタス,総計,275,179582
2026-02-13,レタス,長崎,173,18365
2026-02-13,レタス,静岡,270,46934
2026-02-13,レタス,香川,239,19538
2026-02-14,レタス,福岡,362,16601
2026-02-14,レタス,総計,277,209262
2026-02-14,レタス,茨城,266,36745
2026-02-14,レタス,長崎,175,25790
2026-02-14,レタス,静岡,276,64143
2026-02-14,レタス,香川,246,23954
2026-02-16,レタス,福岡,345,22480
2026-02-16,レタス,総計,260,257959
2026-02-16,レタス,茨城,277,28541
2026-02-16,レタス,長崎,171,50045
2026-02-16,レタス,静岡,269,78255
2026-02-16,レタス,香川,243,30680
2026-02-17,レタス,福岡,357,14235
2026-02-17,レタス,総計,274,203415
2026-02-17,レタス,茨城,275,31163
2026-02-17,レタス,長崎,184,22560
2026-02-17,レタス,静岡,274,60126
2026-02-17,レタス,香川,239,28478
2026-02-19,レタス,福岡,337,23375
2026-02-19,レタス,総計,259,303049
2026-02-19,レタス,茨城,254,53071
2026-02-19,レタス,長崎,172,34765
2026-02-19,レタス,静岡,257,116665
2026-02-19,レタス,香川,233,26458
2026-02-20,レタス,福岡,318,22759
2026-02-20,レタス,総計,239,247946
2026-02-20,レタス,茨城,245,46386
2026-02-20,レタス,長崎,144,34065
2026-02-20,レタス,静岡,231,70208
2026-02-20,レタス,香川,228,27376
2026-02-21,レタス,福岡,309,22314
2026-02-21,レタス,総計,233,273448
2026-02-21,レタス,茨城,235,53175
2026-02-21,レタス,長崎,153,35315
2026-02-21,レタス,静岡,229,82631
2026-02-21,レタス,香川,209,28844
2026-02-24,レタス,福岡,306,38471
2026-02-24,レタス,総計,219,446060
2026-02-24,レタス,茨城,220,89920
2026-02-24,レタス,長崎,152,72390
2026-02-24,レタス,静岡,211,117492
2026-02-24,レタス,香川,207,40670
2026-02-26,レタス,福岡,324,22653
2026-02-26,レタス,総計,223,364921
2026-02-26,レタス,茨城,212,106918
2026-02-26,レタス,長崎,165,40387
2026-02-26,レタス,静岡,204,103004
2026-02-26,レタス,香川,204,29392
2026-02-27,レタス,福岡,317,18091
2026-02-27,レタス,総計,218,231327
2026-02-27,レタス,茨城,219,70944
2026-02-27,レタス,長崎,130,25478
2026-02-27,レタス,静岡,207,55992
2026-02-27,レタス,香川,191,25248
2026-02-28,レタス,福岡,300,19583
2026-02-28,レタス,総計,204,326363
2026-02-28,レタス,茨城,194,107865
2026-02-28,レタス,長崎,157,37600
2026-02-28,レタス,静岡,181,69194
2026-02-28,レタス,香川,186,28828
2026-03-02,レタス,福岡,259,25643
2026-03-02,レタス,総計,172,396385
2026-03-02,レタス,茨城,159,137826
2026-03-02,レタス,長崎,151,45516
2026-03-02,レタス,静岡,152,89506
2026-03-02,レタス,香川,168,26798
2026-03-03,レタス,福岡,269,19189
2026-03-03,レタス,総計,174,315577
2026-03-03,レタス,茨城,162,124546
2026-03-03,レタス,長崎,132,19805
2026-03-03,レタス,静岡,149,70894
2026-03-03,レタス,香川,154,26430
2026-03-05,レタス,総計,163,315058
2026-03-05,レタス,茨城,148,109293
2026-03-05,レタス,長崎,179,27155
2026-03-05,レタス,静岡,129,95439
2026-03-05,レタス,香川,144,22006
2026-03-06,レタス,福岡,273,23145
2026-03-06,レタス,総計,159,278511
2026-03-06,レタス,茨城,148,100502
2026-03-06,レタス,長崎,139,31405
2026-03-06,レタス,静岡,125,60788
2026-03-06,レタス,香川,142,26340
2026-03-07,レタス,熊本,162,23291
2026-03-07,レタス,総計,152,335657
2026-03-07,レタス,茨城,142,129365
2026-03-07,レタス,長崎,126,34100
2026-03-07,レタス,静岡,132,73661
2026-03-07,レタス,香川,153,21298
2026-03-09,レタス,総計,147,355349
2026-03-09,レタス,茨城,141,150967
2026-03-09,レタス,長崎,146,34905
2026-03-09,レタス,静岡,124,71420
2026-03-09,レタス,香川,128,30630
2026-03-10,レタス,福岡,236,22437
2026-03-10,レタス,総計,152,281434
2026-03-10,レタス,茨城,140,126924
2026-03-10,レタス,静岡,128,50201
2026-03-10,レタス,香川,129,27600
2026-03-12,レタス,総計,155,284128
2026-03-12,レタス,茨城,147,109531
2026-03-12,レタス,長崎,166,36485
2026-03-12,レタス,静岡,119,56610
2026-03-12,レタス,香川,130,27980
2026-03-13,レタス,福岡,216,17386
2026-03-13,レタス,総計,152,285160
2026-03-13,レタス,茨城,142,148466
2026-03-13,レタス,静岡,119,41795
2026-03-13,レタス,香川,131,24863
2026-03-14,レタス,総計,154,270032
2026-03-14,レタス,茨城,144,139196
2026-03-14,レタス,長崎,149,17195
2026-03-14,レタス,静岡,125,42984
2026-03-14,レタス,香川,149,24313
2026-03-16,レタス,総計,167,249122
2026-03-16,レタス,茨城,162,121654
2026-03-16,レタス,長崎,142,21850
2026-03-16,レタス,静岡,130,30089
2026-03-16,レタス,香川,142,26698
2026-03-17,レタス,総計,184,247747
2026-03-17,レタス,茨城,177,146856
2026-03-17,レタス,静岡,148,28146
2026-03-17,レタス,香川,157,24046
2026-03-19,レタス,総計,190,330874
2026-03-19,レタス,茨城,186,189151
2026-03-19,レタス,長崎,177,22930
2026-03-19,レタス,静岡,149,39722
2026-03-19,レタス,香川,165,21944
2026-03-21,レタス,栃木,168,16990
2026-03-21,レタス,福岡,264,16752
2026-03-21,レタス,総計,190,322842
2026-03-21,レタス,茨城,182,183385
2026-03-21,レタス,静岡,153,33606
2026-03-21,レタス,香川,184,24231
2026-03-23,レタス,福岡,259,20153
2026-03-23,レタス,総計,192,275680
2026-03-23,レタス,茨城,184,162139
2026-03-23,レタス,静岡,150,25592
2026-03-23,レタス,香川,181,18860
2026-03-24,レタス,兵庫,192,13988
2026-03-24,レタス,総計,190,257725
2026-03-24,レタス,茨城,183,160884
2026-03-24,レタス,静岡,158,20515
2026-03-24,レタス,香川,160,22986
2026-03-26,レタス,栃木,163,13283
2026-03-26,レタス,福岡,261,14970
2026-03-26,レタス,総計,199,264059
2026-03-26,レタス,茨城,191,143787
2026-03-26,レタス,静岡,153,23228
2026-03-26,レタス,香川,182,13622
2026-03-27,レタス,徳島,49,11150
2026-03-27,レタス,福岡,259,14277
2026-03-27,レタス,総計,186,187690
2026-03-27,レタス,茨城,186,107062
2026-03-27,レタス,静岡,151,14089
2026-03-27,レタス,香川,170,10132
2026-03-28,レタス,兵庫,191,16048
2026-03-28,レタス,総計,191,202378
2026-03-28,レタス,茨城,189,110899
2026-03-28,レタス,長崎,144,11779
2026-03-28,レタス,静岡,169,13109
2026-03-28,レタス,香川,175,11156
2026-03-30,レタス,福岡,226,24373
2026-03-30,レタス,総計,187,277360
2026-03-30,レタス,茨城,179,187919
2026-03-30,レタス,静岡,152,16499
2026-03-31,レタス,兵庫,182,13795
2026-03-31,レタス,福岡,231,13615
2026-03-31,レタス,総計,190,249411
2026-03-31,レタス,茨城,184,169863
2026-03-31,レタス,静岡,156,12446
2026-04-02,レタス,兵庫,202,16100
2026-04-02,レタス,栃木,164,13270
2026-04-02,レタス,総計,200,216111
2026-04-02,レタス,茨城,187,136447
2026-04-02,レタス,静岡,154,11878
2026-04-03,レタス,福岡,272,8102
2026-04-03,レタス,総計,195,196095
2026-04-03,レタス,茨城,187,144526
2026-04-03,レタス,静岡,149,9561
2026-04-04,レタス,兵庫,197,21650
2026-04-04,レタス,栃木,166,11650
2026-04-04,レタス,総計,204,204459
2026-04-04,レタス,茨城,195,136859
2026-04-06,レタス,兵庫,183,22200
2026-04-06,レタス,福岡,237,16214
2026-04-06,レタス,総計,192,248298
2026-04-06,レタス,茨城,184,173642
2026-04-07,レタス,兵庫,182,17840
2026-04-07,レタス,福岡,261,11821
2026-04-07,レタス,総計,194,221700
2026-04-07,レタス,茨城,185,152906
2026-04-09,レタス,兵庫,170,28050
2026-04-09,レタス,栃木,141,21090
2026-04-09,レタス,総計,187,263434
2026-04-09,レタス,茨城,182,169679
2026-04-10,レタス,兵庫,175,22470
2026-04-10,レタス,福岡,215,15351
2026-04-10,レタス,総計,183,242025
2026-04-10,レタス,茨城,171,163026
2026-04-11,レタス,兵庫,171,22610
2026-04-11,レタス,総計,183,242256
2026-04-11,レタス,茨城,173,176467
2026-04-13,レタス,兵庫,149,35710
2026-04-13,レタス,総計,170,273071
2026-04-13,レタス,茨城,164,189232
2026-04-14,レタス,兵庫,148,36500
2026-04-14,レタス,総計,174,261950
2026-04-14,レタス,茨城,168,180316
2026-04-16,レタス,兵庫,145,35750
2026-04-16,レタス,福岡,199,11711
2026-04-16,レタス,総計,172,275313
2026-04-16,レタス,茨城,166,183066
2026-04-17,レタス,兵庫,146,25300
2026-04-17,レタス,総計,169,229910
2026-04-17,レタス,茨城,164,161617
2026-04-18,レタス,兵庫,142,32120
2026-04-18,レタス,総計,168,249882
2026-04-18,レタス,群馬,129,17419
2026-04-18,レタス,茨城,160,163747
2026-04-20,レタス,兵庫,171,20970
2026-04-20,レタス,総計,170,290358
2026-04-20,レタス,群馬,106,21931
2026-04-20,レタス,茨城,162,203021
2026-04-21,レタス,総計,189,234507
2026-04-21,レタス,群馬,114,25422
2026-04-21,レタス,茨城,179,151762
2026-04-21,レタス,長野,253,18247
2026-04-23,レタス,兵庫,205,26530
2026-04-23,レタス,総計,194,257488
2026-04-23,レタス,群馬,113,25757
2026-04-23,レタス,茨城,185,140502
2026-04-23,レタス,長野,230,31468
2026-04-24,レタス,総計,200,209581
2026-04-24,レタス,群馬,145,20967
2026-04-24,レタス,茨城,193,120525
2026-04-24,レタス,長野,228,34394
2026-04-25,レタス,総計,202,218474
2026-04-25,レタス,群馬,131,39985
2026-04-25,レタス,茨城,203,104770
2026-04-25,レタス,長野,235,33979
2026-04-27,レタス,総計,198,272744
2026-04-27,レタス,群馬,132,51327
2026-04-27,レタス,茨城,194,126585
2026-04-27,レタス,長野,236,54342
2026-04-28,レタス,総計,201,206606
2026-04-28,レタス,群馬,126,45661
2026-04-28,レタス,茨城,202,93359
2026-04-28,レタス,長野,248,34133
2026-04-30,レタス,総計,201,267629
2026-04-30,レタス,群馬,127,61369
2026-04-30,レタス,茨城,195,96872
2026-04-30,レタス,長野,235,70600
2026-05-01,レタス,総計,207,216377
2026-05-01,レタス,群馬,139,43399
2026-05-01,レタス,茨城,198,86390
2026-05-01,レタス,長野,248,57030
2026-05-02,レタス,総計,195,240553
2026-05-02,レタス,群馬,136,58103
2026-05-02,レタス,茨城,193,94291
2026-05-02,レタス,長野,224,50237
2026-05-06,レタス,総計,181,511307
2026-05-06,レタス,群馬,128,132018
2026-05-06,レタス,茨城,177,149434
2026-05-06,レタス,長野,212,167137
2026-05-07,レタス,総計,196,195778
2026-05-07,レタス,群馬,137,41658
2026-05-07,レタス,茨城,180,63117
2026-05-07,レタス,長野,231,66842
2026-05-08,レタス,総計,203,178145
2026-05-08,レタス,群馬,154,38412
2026-05-08,レタス,茨城,185,52713
2026-05-08,レタス,長野,237,63990
2026-05-09,レタス,総計,191,226599
2026-05-09,レタス,群馬,134,58329
2026-05-09,レタス,茨城,173,58747
2026-05-09,レタス,長野,225,82750
2026-05-11,レタス,総計,184,258024
2026-05-11,レタス,群馬,123,75647
2026-05-11,レタス,茨城,165,49999
2026-05-11,レタス,長野,227,101882
2026-05-12,レタス,総計,202,189819
2026-05-12,レタス,群馬,135,56803
2026-05-12,レタス,茨城,187,36290
2026-05-12,レタス,長野,237,76906
2026-05-14,レタス,総計,179,303025
2026-05-14,レタス,群馬,119,114131
2026-05-14,レタス,茨城,156,47998
2026-05-14,レタス,長野,228,118009
2026-05-15,レタス,総計,184,208834
2026-05-15,レタス,群馬,128,62552
2026-05-15,レタス,茨城,152,42551
2026-05-15,レタス,長野,230,84130
2026-05-16,レタス,総計,176,241737
2026-05-16,レタス,群馬,117,91099
2026-05-16,レタス,茨城,160,42787
2026-05-16,レタス,長野,221,89869
2026-05-18,レタス,総計,165,321311
2026-05-18,レタス,群馬,116,133923
2026-05-18,レタス,長野,215,123797
2026-05-19,レタス,総計,185,204908
2026-05-19,レタス,群馬,123,72097
2026-05-19,レタス,茨城,156,24402
2026-05-19,レタス,長野,228,83404
2026-05-21,レタス,総計,180,302999
2026-05-21,レタス,群馬,127,125183
2026-05-21,レタス,長野,216,127903
2026-05-22,レタス,総計,182,172932
2026-05-22,レタス,群馬,125,75479
2026-05-22,レタス,茨城,171,17406
2026-05-22,レタス,長野,237,62318
2026-05-23,レタス,総計,176,251670
2026-05-23,レタス,群馬,121,125349
2026-05-23,レタス,長野,227,91354
2026-05-25,レタス,総計,162,403891
2026-05-25,レタス,群馬,120,188253
2026-05-25,レタス,長野,198,179809
2026-05-26,レタス,総計,175,249256
2026-05-26,レタス,群馬,126,78875
2026-05-26,レタス,長野,186,144767
2026-05-28,レタス,総計,157,354080
2026-05-28,レタス,群馬,110,110073
2026-05-28,レタス,長野,169,210092
2026-05-29,レタス,総計,147,273086
2026-05-29,レタス,群馬,109,103395
2026-05-29,レタス,長野,165,145778
2026-05-30,レタス,総計,158,266382
2026-05-30,レタス,群馬,113,77767
2026-05-30,レタス,長野,165,172633
2026-06-01,レタス,総計,151,403789
2026-06-01,レタス,群馬,116,157085
2026-06-01,レタス,長野,164,224913
2026-06-02,レタス,総計,165,270240
2026-06-02,レタス,群馬,114,69510
2026-06-02,レタス,長野,169,182652
2026-06-04,レタス,総計,155,282788
2026-06-04,レタス,群馬,115,90442
2026-06-04,レタス,長野,154,173193
2026-06-05,レタス,総計,143,279474
2026-06-05,レタス,群馬,109,93286
2026-06-05,レタス,長野,152,169922
2026-06-06,レタス,総計,143,309924
2026-06-06,レタス,群馬,107,82990
2026-06-06,レタス,長野,146,209905
2026-06-08,レタス,総計,149,354707
2026-06-08,レタス,群馬,113,93387
2026-06-08,レタス,長野,153,251158
2026-06-09,レタス,総計,161,233587
2026-06-09,レタス,群馬,112,47879
2026-06-09,レタス,長野,157,174804
2026-06-11,レタス,総計,142,403125
2026-06-11,レタス,群馬,116,77643
2026-06-11,レタス,長野,136,312034
2026-06-12,レタス,総計,148,243693
2026-06-12,レタス,群馬,114,63405
2026-06-12,レタス,長野,152,167634
2026-06-13,レタス,総計,147,278078
2026-06-13,レタス,群馬,107,85281
2026-06-13,レタス,長野,152,180465
2026-06-15,レタス,総計,155,342915
2026-06-15,レタス,群馬,121,83641
2026-06-15,レタス,長野,156,249648
2026-06-16,レタス,総計,171,231051
2026-06-16,レタス,群馬,129,46681
2026-06-16,レタス,長野,166,171822
2026-06-18,レタス,総計,158,404940
2026-06-18,レタス,群馬,125,95501
2026-06-18,レタス,長野,158,297135
2026-06-19,レタス,総計,158,285586
2026-06-19,レタス,群馬,117,82109
2026-06-19,レタス,長野,164,195180
2026-06-20,レタス,総計,148,310124
2026-06-20,レタス,群馬,112,88985
2026-06-20,レタス,長野,151,210826
2026-06-22,レタス,総計,133,449988
2026-06-22,レタス,群馬,99,96827
2026-06-22,レタス,長野,135,344995
2026-06-23,レタス,総計,135,331804
2026-06-23,レタス,長野,132,271164
2026-06-25,レタス,総計,118,551438
2026-06-25,レタス,長野,117,450930
2026-06-26,レタス,総計,126,320383
2026-06-26,レタス,長野,125,268903
2026-06-27,レタス,総計,131,293891
2026-06-27,レタス,長野,125,249320
2026-06-29,レタス,総計,121,453360
2026-06-29,レタス,長野,119,380927
2026-06-30,レタス,総計,124,314816
2026-06-30,レタス,長野,124,259790
2026-07-02,レタス,総計,129,423290
2026-07-02,レタス,長野,127,343767
2026-07-03,レタス,総計,127,263112
2026-07-03,レタス,長野,129,212407
2026-07-04,レタス,総計,141,270555
2026-07-04,レタス,長野,140,219133
2026-07-06,レタス,総計,136,464811
2026-07-06,レタス,長野,136,383184
2026-07-07,レタス,総計,151,276539
2026-07-07,レタス,長野,149,233213
2026-07-09,レタス,総計,143,437220
2026-07-09,レタス,群馬,94,78071
2026-07-09,レタス,長野,142,347882
2026-07-10,レタス,総計,152,266133
2026-07-10,レタス,長野,150,227277
2026-07-11,レタス,総計,166,253718
2026-07-11,レタス,長野,163,208793
2026-07-13,レタス,総計,164,413120
2026-07-13,レタス,長野,165,343106
2026-07-14,レタス,総計,184,278199
2026-07-14,レタス,群馬,114,48289
2026-07-14,レタス,長野,188,221114
2026-07-16,レタス,総計,182,426606
2026-07-16,レタス,群馬,111,86489
2026-07-16,レタス,長野,189,328812
2026-07-17,レタス,総計,190,251124
2026-07-17,レタス,群馬,114,55875
2026-07-17,レタス,長野,199,188456
2026-07-18,レタス,総計,190,255957
2026-07-18,レタス,群馬,115,63731
2026-07-18,レタス,長野,201,181336
2026-07-21,レタス,総計,181,666205
2026-07-21,レタス,群馬,115,118723
2026-07-21,レタス,長野,188,530655
2026-07-23,レタス,総計,173,450127
2026-07-23,レタス,長野,173,379886
2026-07-24,レタス,総計,166,287797
2026-07-24,レタス,長野,169,235204
2026-07-25,レタス,総計,165,292018
2026-07-25,レタス,長野,165,239635
2026-07-27,レタス,総計,153,450571
2026-07-27,レタス,長野,152,392493
2026-07-28,レタス,総計,157,298124
2026-07-28,レタス,長野,151,262047
2026-07-30,レタス,総計,149,458109
2026-07-30,レタス,長野,144,393388
2026-07-31,レタス,総計,154,293917
2026-07-31,レタス,長野,153,249069
2026-08-01,レタス,総計,166,260103
2026-08-01,レタス,長野,160,226020
2026-08-03,レタス,総計,171,404605
2026-08-03,レタス,長野,171,337164
2026-08-04,レタス,総計,191,255468
2026-08-04,レタス,長野,190,213441
2026-08-06,レタス,総計,183,421529
2026-08-06,レタス,長野,183,356735
2026-08-07,レタス,総計,190,248966
2026-08-07,レタス,長野,189,213013
2026-08-08,レタス,総計,186,268276
2026-08-08,レタス,長野,186,222783
2026-08-10,レタス,総計,179,480572
2026-08-10,レタス,長野,180,401861
2026-08-12,レタス,総計,160,537514
2026-08-12,レタス,長野,157,464117
2026-08-13,レタス,総計,172,280314
2026-08-13,レタス,長野,160,235580
2026-08-17,レタス,総計,146,905594
2026-08-17,レタス,長野,141,802556
2026-08-18,レタス,総計,147,332540
2026-08-18,レタス,長野,141,294828
2026-08-20,レタス,総計,137,511431
2026-08-20,レタス,長野,131,453325
2026-08-21,レタス,総計,142,312206
2026-08-21,レタス,長野,137,276651
2026-08-22,レタス,総計,140,346916
2026-08-22,レタス,長野,131,307024
2026-08-24,レタス,総計,143,487212
2026-08-24,レタス,長野,138,429128
2026-08-25,レタス,総計,154,309603
2026-08-25,レタス,群馬,107,58706
2026-08-25,レタス,長野,152,244510
2026-08-27,レタス,総計,143,479685
2026-08-27,レタス,長野,141,407707
2026-08-28,レタス,総計,156,302410
2026-08-28,レタス,長野,152,251018
2026-08-29,レタス,総計,159,270093
2026-08-29,レタス,長野,156,223034
2026-08-31,レタス,総計,153,482615
2026-08-31,レタス,群馬,108,98424
2026-08-31,レタス,長野,156,373044
