品番,品名,規格
A-101,業務用タオル 大（白）,80×150cm 12枚入
A-102,業務用タオル 小（白）,34×85cm 24枚入
A-103,バスマット（ベージュ）,50×80cm 10枚入
B-201,固形石けん 15g,300個入
B-202,液体ボディソープ 詰替 2L,6本入
B-203,シャンプー 詰替 2L,6本入
B-204,コンディショナー 詰替 2L,6本入
C-301,歯ブラシセット（透明）,500本入
C-302,ヘアブラシ,200本入
C-303,カミソリ 2枚刃,300本入
C-304,綿棒 5本入,1000袋入
C-305,ヘアゴム,500本入
D-401,スリッパ 使い捨て（白）,100足入
D-402,スリッパ 使い捨て（紺）,100足入
D-403,室内履き ワッフル,50足入
E-501,ティーバッグ 緑茶,1000個入
E-502,ドリップコーヒー,200個入
E-503,ミネラルウォーター 500ml,24本入
F-601,ゴミ袋 45L 半透明,500枚入
F-602,ゴミ袋 10L,1000枚入
F-603,消臭スプレー 300ml,24本入
G-701,トイレットペーパー シングル,96ロール
G-702,ボックスティッシュ 200組,60箱入
G-703,ペーパータオル 中判,5000枚入
H-801,シーツ シングル（白）,10枚入
H-802,枕カバー（白）,20枚入
H-803,羽毛枕,5個入
I-901,ハンガー 木製,50本入
I-902,ランドリーバッグ,100枚入
I-903,靴みがき,500個入
